,id,name,team_name,team_id,position,positions_detailed,weight,height,dob,preferred_foot,country,contract_until,market_value,market_value_currency
0,839956,Erling Haaland,Manchester City,17,F,['ST'],,195.0,2000-07-21 00:00:00+00:00,Left,Norway,2034-06-30 00:00:00+00:00,240000000.0,EUR
1,159665,Mohamed Salah,Trabzonspor,3051,M,['RW'],,175.0,1992-06-15 00:00:00+00:00,Left,Egypt,2028-06-30 00:00:00+00:00,21000000.0,EUR
2,982780,Cole Palmer,Chelsea,38,M,['AM'],,185.0,2002-05-06 00:00:00+00:00,Left,England,2033-06-30 00:00:00+00:00,92000000.0,EUR
3,288205,Bruno Fernandes,Manchester United,35,M,"['AM', 'MC', 'DM']",65.0,179.0,1994-09-08 00:00:00+00:00,Right,Portugal,2027-06-30 00:00:00+00:00,32000000.0,EUR
4,873554,Omar Marmoush,Tottenham Hotspur,33,F,['ST'],,183.0,1999-02-07 00:00:00+00:00,Right,Egypt,2027-06-30 00:00:00+00:00,55000000.0,EUR
5,1597265,Estêvão,Chelsea,38,M,['RW'],,176.0,2007-04-24 00:00:00+00:00,Left,Brazil,2033-06-30 00:00:00+00:00,82000000.0,EUR
6,804508,Viktor Gyökeres,Arsenal,42,F,['ST'],86.0,187.0,1998-06-04 00:00:00+00:00,Right,Sweden,2030-06-30 00:00:00+00:00,61000000.0,EUR
7,934235,Bukayo Saka,Arsenal,42,F,['RW'],,178.0,2001-09-05 00:00:00+00:00,Left,England,2030-06-30 00:00:00+00:00,115000000.0,EUR
8,827606,Rodri,FC Barcelona,2817,M,"['DM', 'MC']",78.0,191.0,1996-06-22 00:00:00+00:00,Right,Spain,2030-06-30 00:00:00+00:00,50000000.0,EUR
9,859765,Phil Foden,Manchester City,17,M,"['AM', 'RW']",70.0,171.0,2000-05-28 00:00:00+00:00,Left,England,2030-06-30 00:00:00+00:00,66000000.0,EUR
10,1019322,Florian Wirtz,Liverpool FC,44,M,"['AM', 'LW']",,175.0,2003-05-03 00:00:00+00:00,Right,Germany,2030-06-30 00:00:00+00:00,95000000.0,EUR
11,974505,Enzo Fernández,Chelsea,38,M,"['MC', 'DM', 'AM']",,177.0,2001-01-17 00:00:00+00:00,Right,Argentina,2032-06-30 00:00:00+00:00,97000000.0,EUR
12,975079,João Pedro,Chelsea,38,F,"['ST', 'AM']",,182.0,2001-09-26 00:00:00+00:00,Right,Brazil,2034-06-30 00:00:00+00:00,74000000.0,EUR
13,1135873,Alejandro Garnacho,Aston Villa,40,F,"['LW', 'AM']",,180.0,2004-07-01 00:00:00+00:00,Right,Argentina,2027-06-30 00:00:00+00:00,26000000.0,EUR
14,927083,Bryan Mbeumo,Manchester United,35,F,"['RW', 'AM']",,173.0,1999-08-07 00:00:00+00:00,Left,Cameroon,2030-06-30 00:00:00+00:00,73000000.0,EUR
15,971037,Amad Diallo,Manchester United,35,M,"['RW', 'AM', 'MR']",,173.0,2002-07-11 00:00:00+00:00,Left,Côte d'Ivoire,2030-06-30 00:00:00+00:00,44000000.0,EUR
16,934354,Antoine Semenyo,Manchester City,17,M,"['LW', 'RW']",,185.0,2000-01-07 00:00:00+00:00,Right,Ghana,2031-06-30 00:00:00+00:00,85000000.0,EUR
17,794939,Marc Cucurella,Real Madrid,2829,D,['DL'],68.0,175.0,1998-07-22 00:00:00+00:00,Left,Spain,2032-06-30 00:00:00+00:00,62000000.0,EUR
18,914902,Anthony Gordon,FC Barcelona,2817,F,['LW'],,183.0,2001-02-24 00:00:00+00:00,Right,England,2031-06-30 00:00:00+00:00,82000000.0,EUR
19,1194333,Abdukodir Khusanov,Manchester City,17,D,"['DC', 'DR']",,186.0,2004-02-29 00:00:00+00:00,Right,Uzbekistan,2031-06-30 00:00:00+00:00,47000000.0,EUR
20,331209,Bernardo Silva,Real Madrid,2829,M,"['MC', 'DM']",,173.0,1994-08-10 00:00:00+00:00,Left,Portugal,2028-06-30 00:00:00+00:00,21000000.0,EUR
21,823941,Alexander Isak,Liverpool FC,44,F,['ST'],74.0,193.0,1999-09-21 00:00:00+00:00,Right,Sweden,2031-06-30 00:00:00+00:00,88000000.0,EUR
22,122951,Casemiro,Inter Miami CF,337602,M,"['MC', 'DM']",,185.0,1992-02-23 00:00:00+00:00,Right,Brazil,2027-06-30 00:00:00+00:00,5500000.0,EUR
23,979128,Rayan Cherki,Manchester City,17,M,"['AM', 'RW']",,176.0,2003-08-17 00:00:00+00:00,Both,France,2030-06-30 00:00:00+00:00,98000000.0,EUR
24,1048422,Hugo Ekitiké,Liverpool FC,44,F,['ST'],,190.0,2002-06-20 00:00:00+00:00,Right,France,2031-06-30 00:00:00+00:00,77000000.0,EUR
25,151545,Virgil van Dijk,Liverpool FC,44,D,['DC'],,195.0,1991-07-08 00:00:00+00:00,Right,Netherlands,2027-06-30 00:00:00+00:00,15500000.0,EUR
26,986397,Benjamin Šeško,Manchester United,35,F,['ST'],,195.0,2003-05-31 00:00:00+00:00,Right,Slovenia,2030-06-30 00:00:00+00:00,78000000.0,EUR
27,905163,Mohammed Kudus,Tottenham Hotspur,33,M,"['RW', 'AM', 'LW']",,176.0,2000-08-02 00:00:00+00:00,Left,Ghana,2031-06-30 00:00:00+00:00,54000000.0,EUR
28,886363,Matheus Cunha,Manchester United,35,F,"['AM', 'ST']",75.0,184.0,1999-05-27 00:00:00+00:00,Right,Brazil,2030-06-30 00:00:00+00:00,79000000.0,EUR
29,869856,Dominik Szoboszlai,Liverpool FC,44,M,"['AM', 'MC', 'DM']",,187.0,2000-10-25 00:00:00+00:00,Right,Hungary,2031-06-30 00:00:00+00:00,91000000.0,EUR
30,934386,Jérémy Doku,Manchester City,17,M,['LW'],,173.0,2002-05-27 00:00:00+00:00,Right,Belgium,2031-06-30 00:00:00+00:00,70000000.0,EUR
31,547410,Martin Ødegaard,Arsenal,42,M,['MC'],66.0,178.0,1998-12-17 00:00:00+00:00,Left,Norway,2028-06-30 00:00:00+00:00,77000000.0,EUR
32,987650,Moisés Caicedo,Chelsea,38,M,"['MC', 'DM']",,178.0,2001-11-02 00:00:00+00:00,Right,Ecuador,2033-06-30 00:00:00+00:00,104000000.0,EUR
33,805123,Yoane Wissa,Newcastle United,39,F,['ST'],,176.0,1996-09-03 00:00:00+00:00,Right,DR Congo,2029-06-30 00:00:00+00:00,23000000.0,EUR
34,895324,Alexis Mac Allister,Liverpool FC,44,M,"['MC', 'DM']",72.0,176.0,1998-12-24 00:00:00+00:00,Right,Argentina,2028-06-30 00:00:00+00:00,77000000.0,EUR
35,158263,Emiliano Martínez,Chelsea,38,G,['GK'],89.0,195.0,1992-09-02 00:00:00+00:00,Right,Argentina,2029-06-30 00:00:00+00:00,11500000.0,EUR
36,856714,Declan Rice,Arsenal,42,M,"['MC', 'DM']",,188.0,1999-01-14 00:00:00+00:00,Right,England,2028-06-30 00:00:00+00:00,114000000.0,EUR
37,836705,Kai Havertz,Arsenal,42,F,"['ST', 'MC']",,193.0,1999-06-11 00:00:00+00:00,Left,Germany,2028-06-30 00:00:00+00:00,53000000.0,EUR
38,794839,Gabriel Jesus,Arsenal,42,F,['ST'],73.0,175.0,1997-04-03 00:00:00+00:00,Right,Brazil,2027-06-30 00:00:00+00:00,17600000.0,EUR
39,922573,Gabriel Martinelli,Arsenal,42,F,['LW'],,180.0,2001-06-18 00:00:00+00:00,Right,Brazil,2027-06-30 00:00:00+00:00,42000000.0,EUR
40,839981,Lucas Paquetá,Flamengo,5981,M,"['AM', 'MC']",,180.0,1997-08-26 00:00:00+00:00,Left,Brazil,,36000000.0,EUR
41,847030,Noussair Mazraoui,Manchester United,35,D,"['DR', 'DL', 'DC', 'MR']",,183.0,1997-11-14 00:00:00+00:00,Right,Morocco,2028-06-30 00:00:00+00:00,17500000.0,EUR
42,243609,Alisson,Liverpool FC,44,G,['GK'],,193.0,1992-10-02 00:00:00+00:00,Right,Brazil,2027-06-30 00:00:00+00:00,16500000.0,EUR
43,824509,Gianluigi Donnarumma,Manchester City,17,G,['GK'],90.0,196.0,1999-02-25 00:00:00+00:00,Right,Italy,2030-06-30 00:00:00+00:00,46000000.0,EUR
44,1110842,Simon Adingra,Sunderland,41,M,"['LW', 'RW']",,175.0,2002-01-01 00:00:00+00:00,Right,Côte d'Ivoire,2030-06-30 00:00:00+00:00,23000000.0,EUR
45,869792,Gabriel Magalhães,Arsenal,42,D,['DC'],78.0,190.0,1997-12-19 00:00:00+00:00,Left,Brazil,2029-06-30 00:00:00+00:00,70000000.0,EUR
46,914309,Iliman Ndiaye,Everton,48,M,"['LW', 'RW']",,180.0,2000-03-06 00:00:00+00:00,Right,Senegal,2029-06-30 00:00:00+00:00,53000000.0,EUR
47,1464966,Rayan,Bournemouth,60,M,"['RW', 'ST']",,185.0,2006-08-03 00:00:00+00:00,Left,Brazil,2031-06-30 00:00:00+00:00,58000000.0,EUR
48,851100,Jadon Sancho,No team,241802,M,"['LW', 'RW']",74.0,180.0,2000-03-25 00:00:00+00:00,Right,England,,17500000.0,EUR
49,864921,Eberechi Eze,Arsenal,42,M,['AM'],67.0,178.0,1998-06-29 00:00:00+00:00,Right,England,2029-06-30 00:00:00+00:00,69000000.0,EUR
50,859999,Lisandro Martínez,Manchester United,35,D,"['DC', 'DL']",77.0,175.0,1998-01-18 00:00:00+00:00,Left,Argentina,2027-06-30 00:00:00+00:00,48000000.0,EUR
51,826215,Ibrahima Konaté,Real Madrid,2829,D,['DC'],84.0,195.0,1999-05-25 00:00:00+00:00,Right,France,2030-06-30 00:00:00+00:00,46000000.0,EUR
52,1142175,Kobbie Mainoo,Manchester United,35,M,"['MC', 'DM']",,184.0,2005-04-19 00:00:00+00:00,Right,England,2031-06-30 00:00:00+00:00,72000000.0,EUR
53,1046795,Sávio,Tottenham Hotspur,33,M,"['LW', 'RW']",,176.0,2004-04-10 00:00:00+00:00,Left,Brazil,2031-06-30 00:00:00+00:00,37000000.0,EUR
54,189061,Jack Grealish,Manchester City,17,M,['LW'],68.0,180.0,1995-09-10 00:00:00+00:00,Right,England,2027-06-30 00:00:00+00:00,21000000.0,EUR
55,862967,Cody Gakpo,Liverpool FC,44,M,['LW'],,193.0,1999-05-07 00:00:00+00:00,Right,Netherlands,2030-06-30 00:00:00+00:00,58000000.0,EUR
56,964994,Joško Gvardiol,Manchester City,17,D,"['DL', 'DC']",,186.0,2002-01-23 00:00:00+00:00,Left,Croatia,2031-06-30 00:00:00+00:00,64000000.0,EUR
57,885908,Reece James,Chelsea,38,D,"['DR', 'MC', 'DM']",,180.0,1999-12-08 00:00:00+00:00,Right,England,2032-06-30 00:00:00+00:00,63000000.0,EUR
58,866469,Bruno Guimarães,Arsenal,42,M,"['MC', 'DM']",,182.0,1997-11-16 00:00:00+00:00,Right,Brazil,2030-06-30 00:00:00+00:00,72000000.0,EUR
59,931278,Rayan Aït-Nouri,Manchester City,17,D,"['DL', 'ML']",70.0,179.0,2001-06-06 00:00:00+00:00,Left,Algeria,2030-06-30 00:00:00+00:00,39000000.0,EUR
60,980623,Nick Woltemade,Newcastle United,39,F,['ST'],,198.0,2002-02-14 00:00:00+00:00,Right,Germany,2031-06-30 00:00:00+00:00,59000000.0,EUR
61,1016907,Igor Thiago,Brentford,50,F,['ST'],88.0,191.0,2001-06-26 00:00:00+00:00,Right,Brazil,2031-06-30 00:00:00+00:00,68000000.0,EUR
62,941168,William Saliba,Arsenal,42,D,['DC'],,193.0,2001-03-24 00:00:00+00:00,Right,France,2030-06-30 00:00:00+00:00,94000000.0,EUR
63,997183,Xavi Simons,Tottenham Hotspur,33,M,"['AM', 'MC']",,179.0,2003-04-21 00:00:00+00:00,Right,Netherlands,2030-06-30 00:00:00+00:00,43000000.0,EUR
64,829932,Cristian Romero,Atlético Madrid,2836,D,['DC'],72.0,185.0,1998-04-27 00:00:00+00:00,Right,Argentina,2031-06-30 00:00:00+00:00,46000000.0,EUR
65,879349,Pedro Neto,Chelsea,38,M,"['RW', 'LW']",62.0,172.0,2000-03-09 00:00:00+00:00,Left,Portugal,2031-06-30 00:00:00+00:00,58000000.0,EUR
66,318941,Rúben Dias,Manchester City,17,D,['DC'],70.0,188.0,1997-05-14 00:00:00+00:00,Right,Portugal,2029-06-30 00:00:00+00:00,60000000.0,EUR
67,840217,Richarlison,Tottenham Hotspur,33,F,['ST'],83.0,184.0,1997-05-10 00:00:00+00:00,Right,Brazil,2027-06-30 00:00:00+00:00,24000000.0,EUR
68,966547,Noni Madueke,Arsenal,42,F,['RW'],,182.0,2002-03-10 00:00:00+00:00,Left,England,2030-06-30 00:00:00+00:00,54000000.0,EUR
69,893549,Tijjani Reijnders,Al-Qadsiah,56027,M,"['MC', 'DM', 'AM']",,185.0,1998-07-29 00:00:00+00:00,Right,Netherlands,,48000000.0,EUR
70,836694,Mason Mount,Manchester United,35,F,"['AM', 'MC']",,181.0,1999-01-10 00:00:00+00:00,Right,England,2028-06-30 00:00:00+00:00,23000000.0,EUR
71,1105779,Andrey Santos,Manchester United,35,M,"['MC', 'DM']",77.0,180.0,2004-05-03 00:00:00+00:00,Right,Brazil,2031-06-30 00:00:00+00:00,39000000.0,EUR
72,135666,Leandro Trossard,Beşiktaş JK,3050,F,['LW'],61.0,172.0,1994-12-04 00:00:00+00:00,Right,Belgium,2029-06-30 00:00:00+00:00,19300000.0,EUR
73,845286,Ismaïla Sarr,Crystal Palace,7,F,"['AM', 'RW']",70.0,185.0,1998-02-25 00:00:00+00:00,Right,Senegal,2029-06-30 00:00:00+00:00,43000000.0,EUR
74,845386,Federico Chiesa,Liverpool FC,44,F,"['ST', 'RW']",70.0,175.0,1997-10-25 00:00:00+00:00,Right,Italy,2028-06-30 00:00:00+00:00,11900000.0,EUR
75,592010,Mikel Merino,Arsenal,42,M,['MC'],79.0,188.0,1996-06-22 00:00:00+00:00,Left,Spain,2028-06-30 00:00:00+00:00,26000000.0,EUR
76,1002837,Piero Hincapié,Arsenal,42,D,"['DL', 'DC']",65.0,184.0,2002-01-09 00:00:00+00:00,Left,Ecuador,2031-06-30 00:00:00+00:00,46000000.0,EUR
77,877980,Wilson Isidor,Sunderland,41,F,"['ST', 'LW']",,184.0,2000-08-27 00:00:00+00:00,Right,Haiti,2028-06-30 00:00:00+00:00,18500000.0,EUR
78,192442,Raúl Jiménez,Wolverhampton,3,F,['ST'],81.0,189.0,1991-05-05 00:00:00+00:00,Right,Mexico,2028-06-30 00:00:00+00:00,3200000.0,EUR
79,1106451,Dango Ouattara,Brentford,50,M,"['RW', 'LW']",,177.0,2002-02-11 00:00:00+00:00,Left,Burkina Faso,2030-06-30 00:00:00+00:00,36000000.0,EUR
80,1881902,Rio Ngumoha,Liverpool FC,44,F,['LW'],,170.0,2008-08-29 00:00:00+00:00,Right,England,2028-06-30 00:00:00+00:00,29000000.0,EUR
81,948261,Morgan Rogers,Chelsea,38,M,"['AM', 'LW', 'RW']",,187.0,2002-07-26 00:00:00+00:00,Right,England,2033-06-30 00:00:00+00:00,105000000.0,EUR
82,845273,Jean-Ricner Bellegarde,Wolverhampton,3,M,"['MC', 'AM']",66.0,170.0,1998-06-27 00:00:00+00:00,Right,Haiti,2028-06-30 00:00:00+00:00,17600000.0,EUR
83,1199043,Carlos Baleba,Manchester United,35,M,"['MC', 'DM']",,179.0,2004-01-03 00:00:00+00:00,Left,Cameroon,2031-06-30 00:00:00+00:00,53000000.0,EUR
84,964753,Senne Lammens,Manchester United,35,G,['GK'],,193.0,2002-07-07 00:00:00+00:00,Right,Belgium,2030-06-30 00:00:00+00:00,38000000.0,EUR
85,581310,David Raya,Arsenal,42,G,['GK'],80.0,183.0,1995-09-15 00:00:00+00:00,Right,Spain,2028-06-30 00:00:00+00:00,33000000.0,EUR
86,844096,Jhon Arias,Palmeiras,1963,M,['RW'],,170.0,1997-09-21 00:00:00+00:00,Right,Colombia,2029-12-31 00:00:00+00:00,16100000.0,EUR
87,136710,Mateo Kovačić,Manchester City,17,M,"['MC', 'DM']",,178.0,1994-05-06 00:00:00+00:00,Right,Croatia,2027-06-30 00:00:00+00:00,9700000.0,EUR
88,218160,Bertrand Traoré,No team,241802,F,['RW'],72.0,180.0,1995-09-06 00:00:00+00:00,Left,Burkina Faso,,3800000.0,EUR
89,803031,Matthijs de Ligt,Manchester United,35,D,['DC'],89.0,188.0,1999-08-12 00:00:00+00:00,Right,Netherlands,2029-06-30 00:00:00+00:00,32000000.0,EUR
90,970361,Jeremie Frimpong,Liverpool FC,44,D,"['MR', 'DR']",,171.0,2000-12-10 00:00:00+00:00,Right,Netherlands,2030-06-30 00:00:00+00:00,36000000.0,EUR
91,904897,Ryan Gravenberch,Liverpool FC,44,M,"['MC', 'DM']",,190.0,2002-05-16 00:00:00+00:00,Right,Netherlands,2032-06-30 00:00:00+00:00,87000000.0,EUR
92,1397168,Patrick Dorgu,Manchester United,35,M,"['ML', 'DL']",,185.0,2004-10-26 00:00:00+00:00,Left,Denmark,2030-06-30 00:00:00+00:00,33000000.0,EUR
93,1142703,Nico O'Reilly,Manchester City,17,D,"['DL', 'MC']",,193.0,2005-03-21 00:00:00+00:00,Left,England,2030-06-30 00:00:00+00:00,76000000.0,EUR
94,1002711,Pape Matar Sarr,Tottenham Hotspur,33,M,"['MC', 'DM']",70.0,185.0,2002-09-14 00:00:00+00:00,Right,Senegal,2030-06-30 00:00:00+00:00,28000000.0,EUR
95,994546,Elliot Anderson,Manchester City,17,M,"['MC', 'DM']",,179.0,2002-11-06 00:00:00+00:00,Right,England,2031-06-30 00:00:00+00:00,100000000.0,EUR
96,149380,Harry Maguire,Manchester United,35,D,['DC'],79.0,194.0,1993-03-05 00:00:00+00:00,Right,England,2027-06-30 00:00:00+00:00,8600000.0,EUR
97,1917626,Max Dowman,Arsenal U21,36554,M,['MC'],,183.0,2009-12-31 00:00:00+00:00,Left,England,,31000000.0,EUR
98,966837,Martín Zubimendi,Arsenal,42,M,"['MC', 'DM']",74.0,180.0,1999-02-02 00:00:00+00:00,Right,Spain,2030-06-30 00:00:00+00:00,77000000.0,EUR
99,958959,Jurriën Timber,Arsenal,42,D,['DR'],,179.0,2001-06-17 00:00:00+00:00,Right,Netherlands,2028-06-30 00:00:00+00:00,73000000.0,EUR
100,877994,Marc Guéhi,Manchester City,17,D,"['DC', 'DL']",,182.0,2000-07-13 00:00:00+00:00,Right,England,2031-06-30 00:00:00+00:00,66000000.0,EUR
101,262911,Andy Robertson,Tottenham Hotspur,33,D,['DL'],64.0,178.0,1994-03-11 00:00:00+00:00,Left,Scotland,2030-06-30 00:00:00+00:00,7500000.0,EUR
102,957602,Riccardo Calafiori,Arsenal,42,D,"['DL', 'DC']",,188.0,2002-05-19 00:00:00+00:00,Left,Italy,2029-06-30 00:00:00+00:00,53000000.0,EUR
103,1414933,Marc Guiu,Chelsea,38,F,['ST'],,187.0,2006-01-04 00:00:00+00:00,Right,Spain,2029-06-30 00:00:00+00:00,11200000.0,EUR
104,1154657,Mamadou Sarr,Real Sociedad,2824,D,['DC'],,194.0,2005-08-29 00:00:00+00:00,Right,Senegal,2033-06-30 00:00:00+00:00,24000000.0,EUR
105,1097425,Miloš Kerkez,Liverpool FC,44,D,['DL'],,180.0,2003-11-07 00:00:00+00:00,Left,Hungary,2030-06-30 00:00:00+00:00,36000000.0,EUR
106,1401702,Ethan Nwaneri,Arsenal,42,M,['MC'],,176.0,2007-03-21 00:00:00+00:00,Left,England,2030-06-30 00:00:00+00:00,34000000.0,EUR
107,1009386,Hannibal Mejbri,Burnley,6,M,"['AM', 'MC']",,182.0,2003-01-21 00:00:00+00:00,Right,Tunisia,2028-06-30 00:00:00+00:00,15700000.0,EUR
108,917007,Joshua Zirkzee,Manchester United,35,F,['ST'],,193.0,2001-05-22 00:00:00+00:00,Right,Netherlands,2029-06-30 00:00:00+00:00,21000000.0,EUR
109,843200,Diogo Dalot,Manchester United,35,D,"['DR', 'ML', 'MR']",75.0,184.0,1999-03-18 00:00:00+00:00,Right,Portugal,2028-06-30 00:00:00+00:00,28000000.0,EUR
110,232422,Kepa Arrizabalaga,Arsenal,42,G,['GK'],84.0,188.0,1994-10-03 00:00:00+00:00,Right,Spain,2028-06-30 00:00:00+00:00,5300000.0,EUR
111,997087,Liam Delap,Nottingham Forest,14,F,['ST'],,186.0,2003-02-08 00:00:00+00:00,Right,England,2031-06-30 00:00:00+00:00,26000000.0,EUR
112,871706,Randal Kolo Muani,Juventus,2687,F,['ST'],73.0,187.0,1998-12-05 00:00:00+00:00,Right,France,2031-06-30 00:00:00+00:00,18200000.0,EUR
113,152077,John Stones,Inter,2697,D,['DC'],70.0,188.0,1994-05-28 00:00:00+00:00,Right,England,2028-06-30 00:00:00+00:00,10900000.0,EUR
114,1140599,Jamie Gittens,Chelsea,38,M,['LW'],,178.0,2004-08-08 00:00:00+00:00,Right,England,2032-06-30 00:00:00+00:00,29000000.0,EUR
115,331737,Youri Tielemans,Manchester United,35,M,"['MC', 'DM']",75.0,177.0,1997-05-07 00:00:00+00:00,Right,Belgium,2031-06-30 00:00:00+00:00,43000000.0,EUR
116,877102,Nayef Aguerd,Olympique de Marseille,1641,D,['DC'],,188.0,1996-03-30 00:00:00+00:00,Left,Morocco,2030-06-30 00:00:00+00:00,15900000.0,EUR
117,44614,Kyle Walker,Burnley,6,D,['DR'],70.0,183.0,1990-05-28 00:00:00+00:00,Right,England,2027-06-30 00:00:00+00:00,1400000.0,EUR
118,980643,James Trafford,Leeds United,34,G,['GK'],,197.0,2002-10-10 00:00:00+00:00,Right,England,,27000000.0,EUR
119,945122,Matheus Nunes,Manchester City,17,D,['DR'],75.0,183.0,1998-08-27 00:00:00+00:00,Right,Portugal,2028-06-30 00:00:00+00:00,48000000.0,EUR
120,149663,Nathan Aké,Fenerbahçe,3052,D,"['DC', 'DL']",75.0,180.0,1995-02-18 00:00:00+00:00,Left,Netherlands,2029-06-30 00:00:00+00:00,10900000.0,EUR
121,913654,Pedro Porro,Tottenham Hotspur,33,D,['DR'],,173.0,1999-09-13 00:00:00+00:00,Right,Spain,2031-06-30 00:00:00+00:00,42000000.0,EUR
122,106337,Idrissa Gana Gueye,Al Diriyah,853574,M,"['MC', 'DM']",66.0,174.0,1989-09-26 00:00:00+00:00,Right,Senegal,2027-06-30 00:00:00+00:00,485000.0,EUR
123,996958,Malo Gusto,Chelsea,38,D,['DR'],,179.0,2003-05-19 00:00:00+00:00,Right,France,2030-06-30 00:00:00+00:00,36000000.0,EUR
124,555386,Ollie Watkins,Al-Hilal,21895,F,['ST'],70.0,179.0,1995-12-30 00:00:00+00:00,Right,England,,26000000.0,EUR
125,954056,Nico González,Newcastle United,39,M,"['MC', 'DM']",,186.0,2002-01-03 00:00:00+00:00,Right,Spain,,43000000.0,EUR
126,825844,Ferdi Kadıoğlu,Brighton & Hove Albion,30,D,['DL'],64.0,174.0,1999-10-07 00:00:00+00:00,Right,Türkiye,2028-06-30 00:00:00+00:00,36000000.0,EUR
127,1153315,Leny Yoro,Manchester United,35,D,"['DC', 'DR']",,190.0,2005-11-13 00:00:00+00:00,Right,France,2029-06-30 00:00:00+00:00,46000000.0,EUR
128,981619,Igor Jesus,Nottingham Forest,14,F,['ST'],,179.0,2001-02-25 00:00:00+00:00,Right,Brazil,2029-06-30 00:00:00+00:00,26000000.0,EUR
129,190839,Luke Shaw,Manchester United,35,D,"['DL', 'DC']",75.0,178.0,1995-07-12 00:00:00+00:00,Left,England,2027-06-30 00:00:00+00:00,7500000.0,EUR
130,936849,Kaoru Mitoma,Brighton & Hove Albion,30,M,['LW'],71.0,178.0,1997-05-20 00:00:00+00:00,Right,Japan,2027-06-30 00:00:00+00:00,20000000.0,EUR
131,825719,Issa Diop,Ipswich Town,32,D,['DC'],,194.0,1997-01-09 00:00:00+00:00,Right,Morocco,2030-06-30 00:00:00+00:00,8199999.0,EUR
132,996911,Levi Colwill,Chelsea,38,D,"['DC', 'DL']",,187.0,2003-02-26 00:00:00+00:00,Left,England,2029-06-30 00:00:00+00:00,55000000.0,EUR
133,822470,Samuel Chukwueze,AC Milan,2692,F,['RW'],,172.0,1999-05-22 00:00:00+00:00,Left,Nigeria,2028-06-30 00:00:00+00:00,18500000.0,EUR
134,955245,Harvey Elliott,Liverpool FC,44,M,"['MC', 'RW']",,170.0,2003-04-04 00:00:00+00:00,Left,England,2027-06-30 00:00:00+00:00,21000000.0,EUR
135,1065216,Oscar Bobb,Fulham,43,M,['RW'],,174.0,2003-07-12 00:00:00+00:00,Left,Norway,2031-06-30 00:00:00+00:00,27000000.0,EUR
136,1144630,Cristhian Mosquera,Arsenal,42,D,['DC'],,191.0,2004-06-27 00:00:00+00:00,Right,Spain,2030-06-30 00:00:00+00:00,38000000.0,EUR
137,846425,Manuel Ugarte,Manchester United,35,M,"['MC', 'DM']",,182.0,2001-04-11 00:00:00+00:00,Right,Uruguay,2029-06-30 00:00:00+00:00,24000000.0,EUR
138,910048,Brian Brobbey,Sunderland,41,F,['ST'],,180.0,2002-02-01 00:00:00+00:00,Right,Netherlands,2029-06-30 00:00:00+00:00,42000000.0,EUR
139,143040,Wataru Endo,Liverpool FC,44,M,"['MC', 'DM']",75.0,178.0,1993-02-09 00:00:00+00:00,Right,Japan,2027-06-30 00:00:00+00:00,3700000.0,EUR
140,863653,Aaron Wan-Bissaka,Aston Villa,40,D,"['DR', 'MR']",72.0,183.0,1997-11-26 00:00:00+00:00,Right,DR Congo,2027-06-30 00:00:00+00:00,14100000.0,EUR
141,1423711,Myles Lewis-Skelly,Arsenal,42,D,"['DL', 'MC']",,178.0,2006-09-26 00:00:00+00:00,Left,England,2030-06-30 00:00:00+00:00,48000000.0,EUR
142,803039,Donyell Malen,AS Roma,2702,F,"['ST', 'RW']",75.0,176.0,1999-01-19 00:00:00+00:00,Right,Netherlands,2030-06-30 00:00:00+00:00,48000000.0,EUR
143,920546,Robert Sánchez,Chelsea,38,G,['GK'],,197.0,1997-11-18 00:00:00+00:00,Right,Spain,2030-06-30 00:00:00+00:00,19900000.0,EUR
144,927353,Curtis Jones,Inter,2697,M,"['MC', 'DM']",,185.0,2001-01-30 00:00:00+00:00,Right,England,2031-06-30 00:00:00+00:00,33000000.0,EUR
145,879674,Maxence Lacroix,Chelsea,38,D,['DC'],,192.0,2000-04-06 00:00:00+00:00,Right,France,2032-06-30 00:00:00+00:00,54000000.0,EUR
146,930997,Giorgi Mamardashvili,Liverpool FC,44,G,['GK'],,200.0,2000-09-29 00:00:00+00:00,Left,Georgia,2031-06-30 00:00:00+00:00,29000000.0,EUR
147,844842,Yves Bissouma,No team,241802,M,"['MC', 'DM']",72.0,181.0,1996-08-30 00:00:00+00:00,Right,Mali,,9200000.0,EUR
148,610766,Tammy Abraham,Aston Villa,40,F,['ST'],80.0,195.0,1997-10-02 00:00:00+00:00,Right,England,2030-06-30 00:00:00+00:00,16500000.0,EUR
149,117777,Granit Xhaka,Sunderland,41,M,"['MC', 'DM']",82.0,185.0,1992-09-27 00:00:00+00:00,Left,Switzerland,2028-06-30 00:00:00+00:00,8500000.0,EUR
150,1136731,Rico Lewis,Manchester City,17,D,"['DR', 'DM']",,170.0,2004-11-21 00:00:00+00:00,Right,England,2030-06-30 00:00:00+00:00,26000000.0,EUR
151,1069488,Roméo Lavia,Chelsea,38,M,"['MC', 'DM']",,181.0,2004-01-06 00:00:00+00:00,Right,Belgium,2030-06-30 00:00:00+00:00,21000000.0,EUR
152,1064218,Chadi Riad,Crystal Palace,7,D,"['DC', 'DL']",,186.0,2003-03-17 00:00:00+00:00,Left,Morocco,2029-06-30 00:00:00+00:00,19400000.0,EUR
153,1153079,Jorrel Hato,Chelsea,38,D,"['DL', 'DC']",,182.0,2006-03-07 00:00:00+00:00,Left,Netherlands,2032-06-30 00:00:00+00:00,41000000.0,EUR
154,1142675,Chemsdine Talbi,Sunderland,41,M,['RW'],,175.0,2005-05-09 00:00:00+00:00,Right,Morocco,2030-06-30 00:00:00+00:00,23000000.0,EUR
155,892673,Sandro Tonali,Tottenham Hotspur,33,M,"['MC', 'DM']",,181.0,2000-05-08 00:00:00+00:00,Right,Italy,2032-06-30 00:00:00+00:00,74000000.0,EUR
156,364612,João Palhinha,Benfica,3006,M,"['MC', 'DM']",77.0,189.0,1995-07-09 00:00:00+00:00,Right,Portugal,2030-06-30 00:00:00+00:00,13800000.0,EUR
157,1008402,Conor Bradley,Liverpool FC,44,D,"['DR', 'MR']",,181.0,2003-07-09 00:00:00+00:00,Right,Northern Ireland,2029-06-30 00:00:00+00:00,27000000.0,EUR
158,1171539,Noah Sadiki,Sunderland,41,M,"['MC', 'DM']",,173.0,2004-12-17 00:00:00+00:00,Right,DR Congo,2030-06-30 00:00:00+00:00,37000000.0,EUR
159,991478,Amine Adli,Bournemouth,60,F,"['LW', 'AM', 'ST']",60.0,174.0,2000-05-10 00:00:00+00:00,Left,Morocco,2030-06-30 00:00:00+00:00,18100000.0,EUR
160,287643,Oleksandr Zinchenko,No team,241802,D,['DL'],64.0,175.0,1996-12-15 00:00:00+00:00,Left,Ukraine,,8199999.0,EUR
161,1015267,João Gomes,Aston Villa,40,M,"['MC', 'DM']",,176.0,2001-02-12 00:00:00+00:00,Right,Brazil,2031-06-30 00:00:00+00:00,36000000.0,EUR
162,846036,Ben White,Arsenal,42,D,['DR'],,186.0,1997-10-08 00:00:00+00:00,Right,England,2028-06-30 00:00:00+00:00,27000000.0,EUR
163,1117025,Facundo Buonanotte,Elche,2846,M,"['RW', 'AM']",,174.0,2004-12-23 00:00:00+00:00,Left,Argentina,2027-06-30 00:00:00+00:00,10900000.0,EUR
164,923894,Wesley Fofana,Chelsea,38,D,"['DC', 'DR']",,186.0,2000-12-17 00:00:00+00:00,Right,France,2029-06-30 00:00:00+00:00,29000000.0,EUR
165,826134,Trevoh Chalobah,Como,2704,D,"['DC', 'DR']",,190.0,1999-07-05 00:00:00+00:00,Right,England,2031-06-30 00:00:00+00:00,43000000.0,EUR
166,904970,Conor Gallagher,Tottenham Hotspur,33,M,"['MC', 'DM', 'AM']",,182.0,2000-02-06 00:00:00+00:00,Right,England,2031-06-30 00:00:00+00:00,31000000.0,EUR
167,815890,Altay Bayındır,Celta Vigo,2821,G,['GK'],,198.0,1998-04-14 00:00:00+00:00,Right,Türkiye,2027-06-30 00:00:00+00:00,4900000.0,EUR
168,356398,James Maddison,Tottenham Hotspur,33,M,"['AM', 'MC']",73.0,175.0,1996-11-23 00:00:00+00:00,Right,England,2028-06-30 00:00:00+00:00,19400000.0,EUR
169,1471764,El Hadji Malick Diouf,Brentford,50,D,"['ML', 'DL']",,183.0,2004-12-28 00:00:00+00:00,Left,Senegal,2031-06-30 00:00:00+00:00,29000000.0,EUR
170,1403050,Josh Acheampong,Chelsea,38,D,"['DR', 'DC']",79.0,190.0,2006-05-05 00:00:00+00:00,Right,England,2029-06-30 00:00:00+00:00,24000000.0,EUR
171,998247,Micky van de Ven,Tottenham Hotspur,33,D,"['DC', 'DL']",,193.0,2001-04-19 00:00:00+00:00,Left,Netherlands,2031-06-30 00:00:00+00:00,49000000.0,EUR
172,997103,Radu Drăguşin,Fiorentina,2693,D,['DC'],,191.0,2002-02-03 00:00:00+00:00,Right,Romania,2027-06-30 00:00:00+00:00,14800000.0,EUR
173,945798,Djed Spence,Inter,2697,D,"['DL', 'DR']",,184.0,2000-08-09 00:00:00+00:00,Right,England,2031-06-30 00:00:00+00:00,41000000.0,EUR
174,917005,Crysencio Summerville,Al-Hilal,21895,M,['LW'],,174.0,2001-10-30 00:00:00+00:00,Right,Netherlands,2030-06-30 00:00:00+00:00,49000000.0,EUR
175,870360,Daniel Muñoz,Crystal Palace,7,M,['MR'],,183.0,1996-05-26 00:00:00+00:00,Right,Colombia,2028-06-30 00:00:00+00:00,23000000.0,EUR
176,318927,Joe Gomez,Liverpool FC,44,D,"['DC', 'DR']",77.0,188.0,1997-05-23 00:00:00+00:00,Right,England,2027-06-30 00:00:00+00:00,12600000.0,EUR
177,1426228,Eli Junior Kroupi,Bournemouth,60,F,['ST'],,179.0,2006-06-23 00:00:00+00:00,Right,France,2030-06-30 00:00:00+00:00,72000000.0,EUR
178,979232,Anthony Elanga,Newcastle United,39,F,['RW'],,178.0,2002-04-27 00:00:00+00:00,Right,Sweden,2030-06-30 00:00:00+00:00,31000000.0,EUR
179,962053,Filip Jørgensen,RC Strasbourg,1659,G,['GK'],,190.0,2002-04-16 00:00:00+00:00,Both,Denmark,2027-06-30 00:00:00+00:00,14600000.0,EUR
180,96538,Lucas Digne,Paris Saint-Germain,1644,D,['DL'],74.0,178.0,1993-07-20 00:00:00+00:00,Left,France,2029-06-30 00:00:00+00:00,5500000.0,EUR
181,1128532,Habib Diarra,Sunderland,41,M,"['MC', 'AM']",,179.0,2004-01-03 00:00:00+00:00,Right,Senegal,2030-06-30 00:00:00+00:00,37000000.0,EUR
182,848276,Jean-Philippe Mateta,Crystal Palace,7,F,['ST'],84.0,192.0,1997-06-28 00:00:00+00:00,Right,France,2027-06-30 00:00:00+00:00,29000000.0,EUR
183,831424,Reinildo Mandava,Sunderland,41,D,"['DL', 'DC']",74.0,180.0,1994-01-21 00:00:00+00:00,Left,Mozambique,2027-06-30 00:00:00+00:00,4099999.0,EUR
184,1445799,Ayden Heaven,Manchester United,35,D,['DC'],,189.0,2006-09-22 00:00:00+00:00,Left,England,2029-06-30 00:00:00+00:00,32000000.0,EUR
185,286165,Adama Traoré,Deportivo de A Coruña,2832,F,['RW'],76.0,178.0,1996-01-25 00:00:00+00:00,Right,Spain,2028-06-30 00:00:00+00:00,5700000.0,EUR
186,1065588,Diego Gómez,Brighton & Hove Albion,30,M,"['MC', 'LW', 'AM']",,185.0,2003-03-27 00:00:00+00:00,Right,Paraguay,2031-06-30 00:00:00+00:00,27000000.0,EUR
187,1467990,Divine Mukasa,West Ham United,37,M,"['MC', 'AM']",,178.0,2007-08-22 00:00:00+00:00,Left,England,2027-05-31 00:00:00+00:00,4900000.0,EUR
188,867887,Douglas Luiz,Juventus,2687,M,"['MC', 'DM']",65.0,175.0,1998-05-09 00:00:00+00:00,Right,Brazil,2029-06-30 00:00:00+00:00,19200000.0,EUR
189,1168513,Max Alleyne,Burnley,6,D,['DC'],,185.0,2005-07-21 00:00:00+00:00,Both,England,2027-05-31 00:00:00+00:00,7800000.0,EUR
190,1048888,Mathys Tel,Tottenham Hotspur,33,F,"['ST', 'LW']",,183.0,2005-04-27 00:00:00+00:00,Right,France,2031-06-30 00:00:00+00:00,23000000.0,EUR
191,1403061,Tyrique George,Everton,48,F,['LW'],,181.0,2006-02-04 00:00:00+00:00,Right,England,2030-06-30 00:00:00+00:00,21000000.0,EUR
192,361420,Dominic Solanke,Tottenham Hotspur,33,F,['ST'],80.0,186.0,1997-09-14 00:00:00+00:00,Right,England,2030-06-30 00:00:00+00:00,31000000.0,EUR
193,1110006,Dário Essugo,Chelsea,38,M,"['MC', 'DM']",,178.0,2005-03-14 00:00:00+00:00,Right,Portugal,2033-06-30 00:00:00+00:00,13900000.0,EUR
194,1391251,Lucas Bergvall,Tottenham Hotspur,33,M,"['MC', 'AM']",,186.0,2006-02-02 00:00:00+00:00,Right,Sweden,2031-06-30 00:00:00+00:00,36000000.0,EUR
195,1445945,Trey Nyoni,Liverpool FC,44,M,"['MC', 'DM']",,180.0,2007-06-30 00:00:00+00:00,Right,England,2030-06-30 00:00:00+00:00,8500000.0,EUR
196,135256,Christian Nørgaard,Everton,48,M,"['MC', 'DM']",76.0,185.0,1994-03-10 00:00:00+00:00,Right,Denmark,2028-06-30 00:00:00+00:00,4800000.0,EUR
197,783126,Emiliano Buendía,Aston Villa,40,M,"['LW', 'AM']",65.0,170.0,1996-12-25 00:00:00+00:00,Right,Argentina,2027-06-30 00:00:00+00:00,14600000.0,EUR
198,904827,Benoît Badiashile,SSC Napoli,2714,D,['DC'],,194.0,2001-03-26 00:00:00+00:00,Left,France,2027-06-30 00:00:00+00:00,14500000.0,EUR
199,830659,Marcos Senesi,Tottenham Hotspur,33,D,['DC'],80.0,184.0,1997-05-10 00:00:00+00:00,Left,Argentina,2030-06-30 00:00:00+00:00,23000000.0,EUR
200,352668,Tosin Adarabioyo,Chelsea,38,D,['DC'],80.0,196.0,1997-09-24 00:00:00+00:00,Right,England,2028-06-30 00:00:00+00:00,16500000.0,EUR
201,125274,Stefan Ortega,Olympiacos FC,3245,G,['GK'],84.0,186.0,1992-11-06 00:00:00+00:00,Right,Germany,2027-06-30 00:00:00+00:00,3800000.0,EUR
202,174975,Arthur Masuaku,Konyaspor,3085,D,['DL'],70.0,179.0,1993-11-07 00:00:00+00:00,Left,DR Congo,2028-06-30 00:00:00+00:00,1900000.0,EUR
203,877013,Valentín Castellanos,West Ham United,37,F,['ST'],,179.0,1998-10-03 00:00:00+00:00,Right,Argentina,2030-06-30 00:00:00+00:00,29000000.0,EUR
204,33902,Danny Welbeck,Chelsea,38,F,['ST'],73.0,185.0,1990-11-26 00:00:00+00:00,Right,England,2028-06-30 00:00:00+00:00,3100000.0,EUR
205,865523,Noah Okafor,Leeds United,34,F,"['ST', 'LW']",85.0,185.0,2000-05-24 00:00:00+00:00,Right,Switzerland,2029-06-30 00:00:00+00:00,27000000.0,EUR
206,560128,Joelinton,Newcastle United,39,M,['MC'],76.0,186.0,1996-08-14 00:00:00+00:00,Right,Brazil,2028-06-30 00:00:00+00:00,27000000.0,EUR
207,827243,Axel Disasi,Crystal Palace,7,D,"['DC', 'DR']",,190.0,1998-03-11 00:00:00+00:00,Right,France,2027-06-30 00:00:00+00:00,15500000.0,EUR
208,42694,Jordan Henderson,Chelsea,38,M,"['MC', 'DM']",67.0,183.0,1990-06-17 00:00:00+00:00,Right,England,2028-06-30 00:00:00+00:00,1300000.0,EUR
209,1036269,Yasin Ayari,Brighton & Hove Albion,30,M,"['MC', 'DM']",,172.0,2003-10-06 00:00:00+00:00,Right,Sweden,2027-06-30 00:00:00+00:00,36000000.0,EUR
210,861970,Kiernan Dewsbury-Hall,Everton,48,M,"['MC', 'AM', 'DM']",,178.0,1998-09-06 00:00:00+00:00,Left,England,2030-06-30 00:00:00+00:00,38000000.0,EUR
211,843754,Ibrahim Sangaré,Nottingham Forest,14,M,"['MC', 'DM']",77.0,191.0,1997-12-02 00:00:00+00:00,Right,Côte d'Ivoire,2029-06-30 00:00:00+00:00,21000000.0,EUR
212,138530,Jordan Pickford,Everton,48,G,['GK'],77.0,185.0,1994-03-07 00:00:00+00:00,Left,England,2029-06-30 00:00:00+00:00,13900000.0,EUR
213,1199282,Murillo,Nottingham Forest,14,D,['DC'],75.0,180.0,2002-07-04 00:00:00+00:00,Left,Brazil,2030-06-30 00:00:00+00:00,49000000.0,EUR
214,1085180,Brennan Johnson,Everton,48,F,['RW'],,186.0,2001-05-23 00:00:00+00:00,Right,Wales,2030-06-30 00:00:00+00:00,32000000.0,EUR
215,50480,Chris Wood,Nottingham Forest,14,F,['ST'],91.0,191.0,1991-12-07 00:00:00+00:00,Right,New Zealand,2027-06-30 00:00:00+00:00,5200000.0,EUR
216,901907,Lyle Foster,Burnley,6,F,['ST'],75.0,180.0,2000-09-03 00:00:00+00:00,Right,South Africa,2028-06-30 00:00:00+00:00,8300000.0,EUR
217,1550775,Jesse Derry,Sporting CP,3001,F,['LW'],,178.0,2007-06-30 00:00:00+00:00,Right,England,2027-06-30 00:00:00+00:00,1900000.0,EUR
218,1003334,James McAtee,Nottingham Forest,14,M,"['AM', 'MC']",,180.0,2002-10-18 00:00:00+00:00,Left,England,2030-06-30 00:00:00+00:00,16200000.0,EUR
219,1031251,Antonín Kinský,Tottenham Hotspur,33,G,['GK'],,190.0,2003-03-13 00:00:00+00:00,Right,Czechia,2031-06-30 00:00:00+00:00,15700000.0,EUR
220,833956,Matty Cash,Aston Villa,40,D,['DR'],64.0,185.0,1997-08-07 00:00:00+00:00,Right,Poland,2029-06-30 00:00:00+00:00,19800000.0,EUR
221,827679,Ezri Konsa,Arsenal,42,D,['DC'],77.0,183.0,1997-10-23 00:00:00+00:00,Right,England,2030-06-29 22:00:00+00:00,47000000.0,EUR
222,1465865,Shea Lacey,Manchester United,35,F,['RW'],,175.0,2007-04-14 00:00:00+00:00,Left,England,2029-06-30 00:00:00+00:00,5200000.0,EUR
223,827362,Caoimhin Kelleher,Brentford,50,G,['GK'],,188.0,1998-11-23 00:00:00+00:00,Right,Ireland,2030-06-30 00:00:00+00:00,25000000.0,EUR
224,552884,Jarrod Bowen,West Ham United,37,M,"['RW', 'ST', 'MR']",70.0,174.0,1996-12-20 00:00:00+00:00,Left,England,2030-06-30 00:00:00+00:00,29000000.0,EUR
225,867442,Callum Hudson Odoi,Nottingham Forest,14,M,['LW'],,177.0,2000-11-07 00:00:00+00:00,Right,England,2028-06-30 00:00:00+00:00,32000000.0,EUR
226,791190,Rodrigo Bentancur,Tottenham Hotspur,33,M,"['MC', 'DM']",73.0,187.0,1997-06-25 00:00:00+00:00,Both,Uruguay,2029-06-30 00:00:00+00:00,19300000.0,EUR
227,923973,Amadou Onana,Aston Villa,40,M,"['MC', 'DM']",,195.0,2001-08-16 00:00:00+00:00,Both,Belgium,2029-06-30 00:00:00+00:00,41000000.0,EUR
228,795228,Odsonne Édouard,RC Lens,1648,F,['ST'],,187.0,1998-01-16 00:00:00+00:00,Right,France,2028-06-30 00:00:00+00:00,11300000.0,EUR
229,825839,Tyrell Malacia,No team,241802,D,['DL'],67.0,169.0,1999-08-16 00:00:00+00:00,Left,Netherlands,,4200000.0,EUR
230,1035996,André,Wolverhampton,3,M,"['DM', 'MC']",,176.0,2001-07-16 00:00:00+00:00,Right,Brazil,2030-06-30 00:00:00+00:00,26000000.0,EUR
231,143334,Victor Lindelöf,Aston Villa,40,D,['DC'],80.0,187.0,1994-07-17 00:00:00+00:00,Right,Sweden,2027-06-30 00:00:00+00:00,4800000.0,EUR
232,132645,Niclas Füllkrug,SV Werder Bremen,2534,F,['ST'],78.0,188.0,1993-02-09 00:00:00+00:00,Right,Germany,2027-06-30 00:00:00+00:00,3700000.0,EUR
233,865912,Morgan Gibbs-White,Nottingham Forest,14,M,['AM'],,171.0,2000-01-27 00:00:00+00:00,Right,England,2028-06-30 00:00:00+00:00,67000000.0,EUR
234,962012,Jan Paul van Hecke,Tottenham Hotspur,33,D,['DC'],,189.0,2000-06-08 00:00:00+00:00,Right,Netherlands,,65000000.0,EUR
235,1142562,Mateus Fernandes,Tottenham Hotspur,33,M,"['MC', 'AM']",,178.0,2004-07-10 00:00:00+00:00,Right,Portugal,2031-06-30 00:00:00+00:00,49000000.0,EUR
236,794338,Daichi Kamada,Crystal Palace,7,M,"['MC', 'DM', 'AM']",72.0,184.0,1996-08-05 00:00:00+00:00,Right,Japan,2027-06-30 00:00:00+00:00,10300000.0,EUR
237,352770,Alex Iwobi,Fulham,43,M,"['LW', 'MC', 'DM']",75.0,183.0,1996-05-03 00:00:00+00:00,Right,Nigeria,2028-06-30 00:00:00+00:00,21000000.0,EUR
238,996985,Armando Broja,Burnley,6,F,['ST'],,191.0,2001-09-10 00:00:00+00:00,Right,Albania,2030-06-30 00:00:00+00:00,4500000.0,EUR
239,839410,Aaron Ramsdale,Southampton,45,G,['GK'],77.0,191.0,1998-05-14 00:00:00+00:00,Right,England,2028-06-30 00:00:00+00:00,12600000.0,EUR
240,984624,Yéremy Pino,Crystal Palace,7,F,"['AM', 'MR', 'LW']",,172.0,2002-10-20 00:00:00+00:00,Right,Spain,2030-06-30 00:00:00+00:00,27000000.0,EUR
241,861972,Calvin Bassey,Fulham,43,D,['DC'],,185.0,1999-12-31 00:00:00+00:00,Left,Nigeria,2027-06-30 00:00:00+00:00,29000000.0,EUR
242,1395746,Thierno Barry,Everton,48,F,['ST'],,195.0,2002-10-21 00:00:00+00:00,Right,France,2029-06-30 00:00:00+00:00,31000000.0,EUR
243,553606,Guglielmo Vicario,Juventus,2687,G,['GK'],83.0,194.0,1996-10-07 00:00:00+00:00,Right,Italy,2027-06-30 00:00:00+00:00,17300000.0,EUR
244,882604,Đorđe Petrović,Bournemouth,60,G,['GK'],,194.0,1999-10-08 00:00:00+00:00,Right,Serbia,2030-06-30 00:00:00+00:00,29000000.0,EUR
245,817979,Axel Tuanzebe,No team,241802,D,"['DC', 'DR']",75.0,185.0,1997-11-14 00:00:00+00:00,Right,DR Congo,,4600000.0,EUR
246,1400106,Yankuba Minteh,Brighton & Hove Albion,30,M,['RW'],,180.0,2004-07-22 00:00:00+00:00,Left,Gambia,2029-06-30 00:00:00+00:00,42000000.0,EUR
247,808590,Leon Bailey,Aston Villa,40,F,"['RW', 'MR']",,178.0,1997-08-09 00:00:00+00:00,Left,Jamaica,2027-06-30 00:00:00+00:00,13100000.0,EUR
248,284417,Freddie Woodman,Liverpool FC,44,G,['GK'],69.0,187.0,1997-03-04 00:00:00+00:00,Right,England,2029-06-30 00:00:00+00:00,3100000.0,EUR
249,998490,Evanilson,Bournemouth,60,F,['ST'],,181.0,1999-10-06 00:00:00+00:00,Both,Brazil,2029-06-30 00:00:00+00:00,33000000.0,EUR
250,876599,Jørgen Strand Larsen,Crystal Palace,7,F,['ST'],79.0,193.0,2000-02-06 00:00:00+00:00,Right,Norway,2030-06-30 00:00:00+00:00,41000000.0,EUR
251,69256,Kieran Trippier,Wolverhampton,3,D,['DR'],71.0,174.0,1990-09-19 00:00:00+00:00,Right,England,2028-06-30 00:00:00+00:00,1400000.0,EUR
252,944327,Dan Ndoye,Nottingham Forest,14,M,"['LW', 'RW']",,184.0,2000-10-25 00:00:00+00:00,Right,Switzerland,2030-06-30 00:00:00+00:00,31000000.0,EUR
253,994363,Bart Verbruggen,Brighton & Hove Albion,30,G,['GK'],,193.0,2002-08-18 00:00:00+00:00,Right,Netherlands,2028-06-30 00:00:00+00:00,37000000.0,EUR
254,851596,Justin Kluivert,Bournemouth,60,M,['AM'],66.0,171.0,1999-05-05 00:00:00+00:00,Right,Netherlands,2028-06-30 00:00:00+00:00,24000000.0,EUR
255,1402726,Jack Fletcher,Manchester United,35,M,['MC'],,180.0,2007-03-19 00:00:00+00:00,Left,England,2027-06-30 00:00:00+00:00,1600000.0,EUR
256,1014286,Malick Thiaw,Newcastle United,39,D,['DC'],,194.0,2001-08-08 00:00:00+00:00,Right,Germany,2029-06-30 00:00:00+00:00,41000000.0,EUR
257,1116571,Nilson Angulo,Sunderland,41,M,['LW'],,182.0,2003-06-19 00:00:00+00:00,Right,Ecuador,2030-06-30 00:00:00+00:00,16500000.0,EUR
258,1109771,Adam Wharton,Crystal Palace,7,M,"['MC', 'DM']",,182.0,2004-02-06 00:00:00+00:00,Left,England,2029-06-30 00:00:00+00:00,74000000.0,EUR
259,867445,Emile Smith Rowe,Fulham,43,M,['AM'],,182.0,2000-07-28 00:00:00+00:00,Right,England,2029-06-30 00:00:00+00:00,18300000.0,EUR
260,250223,John McGinn,Aston Villa,40,M,"['RW', 'LW']",68.0,175.0,1994-10-18 00:00:00+00:00,Left,Scotland,2028-06-30 00:00:00+00:00,12600000.0,EUR
261,1122603,William Osula,Newcastle United,39,F,['ST'],,191.0,2003-08-04 00:00:00+00:00,Right,Denmark,2029-06-30 00:00:00+00:00,26000000.0,EUR
262,1154861,Ben Gannon-Doak,Bournemouth,60,M,['RW'],,174.0,2005-11-11 00:00:00+00:00,Right,Scotland,2030-06-30 00:00:00+00:00,14600000.0,EUR
263,1142182,Tyler Fredricson,FC Lausanne-Sport,2446,D,['DC'],,184.0,2005-02-23 00:00:00+00:00,Right,England,2029-06-30 00:00:00+00:00,2800000.0,EUR
264,372344,Dominic Calvert-Lewin,Leeds United,34,F,['ST'],,187.0,1997-03-16 00:00:00+00:00,Right,England,2028-06-30 00:00:00+00:00,24000000.0,EUR
265,1416535,Charalampos Kostoulas,Brighton & Hove Albion,30,F,['ST'],,185.0,2007-05-30 00:00:00+00:00,Right,Greece,2030-06-30 00:00:00+00:00,27000000.0,EUR
266,786186,Hwang Hee-chan,Wolverhampton,3,F,"['ST', 'LW']",77.0,177.0,1996-01-26 00:00:00+00:00,Right,South Korea,2028-06-30 00:00:00+00:00,5500000.0,EUR
267,788134,Dean Henderson,Crystal Palace,7,G,['GK'],85.0,188.0,1997-03-12 00:00:00+00:00,Right,England,2028-06-30 00:00:00+00:00,29000000.0,EUR
268,1142335,Archie Gray,Tottenham Hotspur,33,M,"['MC', 'DM', 'DR', 'DC']",,187.0,2006-03-12 00:00:00+00:00,Right,England,2030-06-30 00:00:00+00:00,34000000.0,EUR
269,858194,Eddie Nketiah,Crystal Palace,7,F,['ST'],,175.0,1999-05-30 00:00:00+00:00,Right,England,2029-06-30 00:00:00+00:00,10300000.0,EUR
270,855647,Harvey Barnes,Newcastle United,39,F,['LW'],66.0,181.0,1997-12-09 00:00:00+00:00,Right,England,,35000000.0,EUR
271,805137,Omar Alderete,Sunderland,41,D,['DC'],77.0,187.0,1996-12-26 00:00:00+00:00,Left,Paraguay,2029-06-30 00:00:00+00:00,13800000.0,EUR
272,983572,Destiny Udogie,Tottenham Hotspur,33,D,['DL'],,186.0,2002-11-28 00:00:00+00:00,Left,Italy,2030-06-30 00:00:00+00:00,28000000.0,EUR
273,871886,Ao Tanaka,Leeds United,34,M,"['MC', 'DM']",69.0,180.0,1998-09-10 00:00:00+00:00,Right,Japan,2028-06-30 00:00:00+00:00,14000000.0,EUR
274,987734,Tolu Arokodare,AFC Ajax,2953,F,['ST'],,196.0,2000-11-23 00:00:00+00:00,Right,Nigeria,2027-06-30 00:00:00+00:00,18200000.0,EUR
275,1112879,Kevin,Fulham,43,M,['LW'],,176.0,2003-01-04 00:00:00+00:00,Right,Brazil,2030-06-30 00:00:00+00:00,26000000.0,EUR
276,997152,Maxim De Cuyper,Brighton & Hove Albion,30,D,['DL'],,183.0,2000-12-22 00:00:00+00:00,Left,Belgium,2030-06-30 00:00:00+00:00,21000000.0,EUR
277,1048916,Lesley Ugochukwu,Galatasaray,3061,M,"['MC', 'DM']",,188.0,2004-03-26 00:00:00+00:00,Right,France,2027-06-30 00:00:00+00:00,21000000.0,EUR
278,355796,Jefferson Lerma,Crystal Palace,7,M,"['MC', 'DM']",70.0,179.0,1994-10-25 00:00:00+00:00,Right,Colombia,2027-06-30 00:00:00+00:00,5500000.0,EUR
279,930245,Evann Guessand,Crystal Palace,7,F,"['ST', 'RW', 'AM']",,185.0,2001-07-01 00:00:00+00:00,Right,Côte d'Ivoire,2027-06-30 00:00:00+00:00,24000000.0,EUR
280,780014,Nordi Mukiele,Sunderland,41,D,"['DR', 'DC', 'MR']",74.0,185.0,1997-11-01 00:00:00+00:00,Right,France,2029-06-30 00:00:00+00:00,15200000.0,EUR
281,1017392,Carlos Alcaraz,Everton,48,M,"['MC', 'AM']",68.0,183.0,2002-11-30 00:00:00+00:00,Right,Argentina,2027-06-30 00:00:00+00:00,14600000.0,EUR
282,1136730,Lewis Hall,Newcastle United,39,D,['DL'],,179.0,2004-09-08 00:00:00+00:00,Left,England,2029-06-30 00:00:00+00:00,38000000.0,EUR
283,976263,Ian Maatsen,Aston Villa,40,D,['DL'],65.0,178.0,2002-03-10 00:00:00+00:00,Left,Netherlands,2030-06-30 00:00:00+00:00,28000000.0,EUR
284,826139,Reiss Nelson,No team,241802,M,"['RW', 'LW']",66.0,175.0,1999-12-10 00:00:00+00:00,Right,England,,8800000.0,EUR
285,355528,Harry Wilson,Leeds United,34,M,"['RW', 'AM']",70.0,173.0,1997-03-22 00:00:00+00:00,Left,Wales,2030-06-30 00:00:00+00:00,27000000.0,EUR
286,99090,Dan Burn,Newcastle United,39,D,"['DC', 'DL']",83.0,201.0,1992-05-09 00:00:00+00:00,Left,England,2027-06-30 00:00:00+00:00,4099999.0,EUR
287,980634,Tino Livramento,Newcastle United,39,D,"['DR', 'DL']",,181.0,2002-11-12 00:00:00+00:00,Right,England,2028-06-30 00:00:00+00:00,44000000.0,EUR
288,1008456,Oliver Sonne,Burnley,6,D,['DR'],,184.0,2000-11-10 00:00:00+00:00,Right,Peru,2029-06-30 00:00:00+00:00,4099999.0,EUR
289,252669,José Sá,Wolverhampton,3,G,['GK'],,192.0,1993-01-17 00:00:00+00:00,Right,Portugal,2027-06-30 00:00:00+00:00,3300000.0,EUR
290,1013842,Emmanuel Agbadou,Beşiktaş JK,3050,D,['DC'],,192.0,1997-06-17 00:00:00+00:00,Right,Côte d'Ivoire,2030-06-30 00:00:00+00:00,16500000.0,EUR
291,987489,Beto,Everton,48,F,['ST'],88.0,194.0,1998-01-31 00:00:00+00:00,Right,Guinea-Bissau,2027-06-30 00:00:00+00:00,19300000.0,EUR
292,1899647,Mateus Mané,Wolverhampton,3,F,['AM'],,175.0,2007-09-16 00:00:00+00:00,Right,Portugal,2029-06-30 00:00:00+00:00,18500000.0,EUR
293,836168,Nikola Milenković,Nottingham Forest,14,D,['DC'],91.0,195.0,1997-10-12 00:00:00+00:00,Right,Serbia,2029-06-30 00:00:00+00:00,26000000.0,EUR
294,48480,Pascal Groß,Brighton & Hove Albion,30,M,"['MC', 'DM']",,181.0,1991-06-15 00:00:00+00:00,Right,Germany,2027-06-30 00:00:00+00:00,2300000.0,EUR
295,1142679,Wilson Odobert,Tottenham Hotspur,33,F,"['RW', 'LW']",,182.0,2004-11-28 00:00:00+00:00,Right,France,2029-06-30 00:00:00+00:00,18500000.0,EUR
296,885864,Frank Onyeka,Coventry City,11,M,"['MC', 'DM']",,183.0,1998-01-01 00:00:00+00:00,Right,Nigeria,2030-06-30 00:00:00+00:00,7700000.0,EUR
297,1104986,Alex Scott,Bournemouth,60,M,"['MC', 'DM', 'AM']",,178.0,2003-08-21 00:00:00+00:00,Right,England,2028-06-30 00:00:00+00:00,53000000.0,EUR
298,962364,Lorenzo Lucca,SSC Napoli,2714,F,['ST'],,201.0,2000-09-10 00:00:00+00:00,Right,Italy,2030-06-30 00:00:00+00:00,22000000.0,EUR
299,1015256,Rodrigo Muniz,Fulham,43,F,['ST'],67.0,184.0,2001-05-04 00:00:00+00:00,Right,Brazil,2030-06-30 00:00:00+00:00,22000000.0,EUR
300,891829,Matt O'Riley,Brighton & Hove Albion,30,M,['MC'],,187.0,2000-11-21 00:00:00+00:00,Left,Denmark,2029-06-30 00:00:00+00:00,16500000.0,EUR
301,162653,Nick Pope,Newcastle United,39,G,['GK'],76.0,198.0,1992-04-19 00:00:00+00:00,Right,England,2027-06-30 00:00:00+00:00,4800000.0,EUR
302,359664,Taiwo Awoniyi,Coventry City,11,F,['ST'],74.0,183.0,1997-08-12 00:00:00+00:00,Right,Nigeria,2027-06-30 00:00:00+00:00,7600000.0,EUR
303,123689,Karl Darlow,Manchester United,35,G,['GK'],79.0,185.0,1990-10-08 00:00:00+00:00,Right,Wales,2028-06-30 00:00:00+00:00,210000.0,EUR
304,1402787,Shumaira Mheuka,Chelsea U21,36539,F,['ST'],,183.0,2007-10-20 00:00:00+00:00,Right,England,2027-06-30 00:00:00+00:00,2900000.0,EUR
305,958878,Daniel Ballard,Sunderland,41,D,['DC'],,187.0,1999-09-22 00:00:00+00:00,Right,Northern Ireland,2029-06-30 00:00:00+00:00,22000000.0,EUR
306,1155321,Stefanos Tzimas,Brighton & Hove Albion,30,F,['ST'],78.0,184.0,2006-01-06 00:00:00+00:00,Both,Greece,2030-06-30 00:00:00+00:00,18500000.0,EUR
307,876643,Vitaliy Mykolenko,Everton,48,D,['DL'],71.0,180.0,1999-05-29 00:00:00+00:00,Left,Ukraine,2029-06-30 00:00:00+00:00,26000000.0,EUR
308,864169,Pau Torres,Aston Villa,40,D,['DC'],80.0,192.0,1997-01-16 00:00:00+00:00,Left,Spain,2028-06-30 00:00:00+00:00,21000000.0,EUR
309,794953,Kevin Danso,Tottenham Hotspur,33,D,['DC'],89.0,190.0,1998-09-19 00:00:00+00:00,Right,Austria,2030-06-30 00:00:00+00:00,19400000.0,EUR
310,249859,Walter Benítez,Crystal Palace,7,G,['GK'],81.0,193.0,1993-01-19 00:00:00+00:00,Right,Argentina,2028-06-30 00:00:00+00:00,3700000.0,EUR
311,1476524,Alex Tóth,Bournemouth,60,M,"['MC', 'DM', 'AM']",,181.0,2005-10-23 00:00:00+00:00,Right,Hungary,2031-06-30 00:00:00+00:00,13100000.0,EUR
312,828639,Daniel James,Leeds United,34,M,['RW'],76.0,172.0,1997-11-10 00:00:00+00:00,Right,Wales,2029-06-30 00:00:00+00:00,10600000.0,EUR
313,1402850,Tyler Fletcher,Manchester United,35,M,"['MC', 'DM']",,184.0,2007-03-19 00:00:00+00:00,Right,Scotland,2027-06-30 00:00:00+00:00,1600000.0,EUR
314,793167,Sander Berge,Fulham,43,M,"['MC', 'DM']",88.0,195.0,1998-02-14 00:00:00+00:00,Right,Norway,2029-06-30 00:00:00+00:00,26000000.0,EUR
315,1884145,Christantus Uche,Getafe,2859,F,"['ST', 'MC']",84.0,190.0,2003-05-19 00:00:00+00:00,Both,Nigeria,2028-06-30 00:00:00+00:00,13200000.0,EUR
316,800417,Ola Aina,Nottingham Forest,14,D,['DR'],65.0,182.0,1996-10-08 00:00:00+00:00,Right,Nigeria,2028-06-30 00:00:00+00:00,16399999.0,EUR
317,161717,James Ward-Prowse,Southampton,45,M,"['MC', 'DM', 'AM']",66.0,177.0,1994-11-01 00:00:00+00:00,Right,England,2028-06-30 00:00:00+00:00,4500000.0,EUR
318,1503757,Jonah Kusi-Asare,Fulham,43,F,['ST'],,196.0,2007-07-04 00:00:00+00:00,Both,Sweden,2031-06-30 00:00:00+00:00,3300000.0,EUR
319,1482340,Souza,Tottenham Hotspur,33,D,['DL'],,179.0,2006-06-16 00:00:00+00:00,Left,Brazil,2031-06-30 00:00:00+00:00,12400000.0,EUR
320,1201520,Julio Soler,Bournemouth,60,D,['DL'],63.0,175.0,2005-02-16 00:00:00+00:00,Left,Argentina,2029-06-30 00:00:00+00:00,8300000.0,EUR
321,991604,Fabio Carvalho,Brentford U21,457809,F,['AM'],,170.0,2002-08-30 00:00:00+00:00,Right,Portugal,2029-06-30 00:00:00+00:00,7800000.0,EUR
322,1184308,Álex Jiménez,Fiorentina,2693,D,['DR'],,177.0,2005-05-08 00:00:00+00:00,Right,Spain,2027-06-30 00:00:00+00:00,19900000.0,EUR
323,336655,Enes Ünal,Getafe,2859,F,['ST'],75.0,185.0,1997-05-10 00:00:00+00:00,Right,Türkiye,2029-06-30 00:00:00+00:00,6800000.0,EUR
324,609752,Guido Rodríguez,Valencia,2828,M,"['MC', 'DM']",80.0,185.0,1994-04-12 00:00:00+00:00,Right,Argentina,2028-06-30 00:00:00+00:00,4200000.0,EUR
325,1006387,Kevin Schade,Brentford,50,M,"['LW', 'ST']",,183.0,2001-11-27 00:00:00+00:00,Both,Germany,2028-06-30 00:00:00+00:00,36000000.0,EUR
326,1090963,Omari Hutchinson,Nottingham Forest,14,M,"['RW', 'AM']",,174.0,2003-10-29 00:00:00+00:00,Left,England,2030-06-30 00:00:00+00:00,28000000.0,EUR
327,800419,Tyler Adams,Bournemouth,60,M,"['MC', 'DM']",66.0,175.0,1999-02-14 00:00:00+00:00,Right,USA,2028-06-30 00:00:00+00:00,26000000.0,EUR
328,907072,Mikkel Damsgaard,Brentford,50,M,"['AM', 'MC']",,180.0,2000-07-03 00:00:00+00:00,Right,Denmark,2030-06-30 00:00:00+00:00,29000000.0,EUR
329,856250,Ladislav Krejčí,Wolverhampton,3,D,"['DC', 'DL']",,191.0,1999-04-20 00:00:00+00:00,Left,Czechia,2030-06-30 00:00:00+00:00,21000000.0,EUR
330,803174,Antonee Robinson,Fulham,43,D,['DL'],73.0,183.0,1997-08-08 00:00:00+00:00,Left,USA,2028-06-30 00:00:00+00:00,24000000.0,EUR
331,799041,Tomáš Souček,West Ham United,37,M,"['MC', 'DM', 'AM']",86.0,192.0,1995-02-27 00:00:00+00:00,Right,Czechia,2027-06-30 00:00:00+00:00,9700000.0,EUR
332,1597270,Pedro Lima,Wolverhampton,3,D,['DR'],,174.0,2006-07-01 00:00:00+00:00,Right,Brazil,2029-06-30 00:00:00+00:00,3900000.0,EUR
333,998951,Wilfried Gnonto,Leeds United,34,F,"['RW', 'LW']",,170.0,2003-11-05 00:00:00+00:00,Right,Italy,2028-06-30 00:00:00+00:00,17300000.0,EUR
334,826204,Boubacar Kamara,Aston Villa,40,M,"['MC', 'DM']",,184.0,1999-11-23 00:00:00+00:00,Right,France,2030-06-30 00:00:00+00:00,39000000.0,EUR
335,946695,Georginio Rutter,Brighton & Hove Albion,30,M,"['AM', 'ST']",,182.0,2002-04-20 00:00:00+00:00,Left,France,2028-06-30 00:00:00+00:00,31000000.0,EUR
336,927361,James Garner,Everton,48,M,"['MC', 'DM']",,182.0,2001-03-13 00:00:00+00:00,Right,England,2030-06-30 00:00:00+00:00,48000000.0,EUR
337,1400650,Lewis Miley,Newcastle United,39,M,['MC'],,188.0,2006-05-01 00:00:00+00:00,Right,England,2032-06-30 00:00:00+00:00,27000000.0,EUR
338,954061,Arnaud Kalimuendo,Nottingham Forest,14,F,['ST'],,175.0,2002-01-20 00:00:00+00:00,Right,France,2030-06-30 00:00:00+00:00,24000000.0,EUR
339,927356,Neco Williams,Nottingham Forest,14,D,"['DL', 'DR']",,183.0,2001-04-13 00:00:00+00:00,Right,Wales,2029-06-30 00:00:00+00:00,26000000.0,EUR
340,372336,Jacob Murphy,Newcastle United,39,F,['RW'],67.0,176.0,1995-02-24 00:00:00+00:00,Right,England,2027-06-30 00:00:00+00:00,11000000.0,EUR
341,1016893,Luís Guilherme,Sporting CP,3001,M,['LW'],,170.0,2006-02-09 00:00:00+00:00,Left,Brazil,2030-06-30 00:00:00+00:00,12500000.0,EUR
342,910046,Sven Botman,Newcastle United,39,D,['DC'],,193.0,2000-01-12 00:00:00+00:00,Left,Netherlands,2030-06-30 00:00:00+00:00,33000000.0,EUR
343,855845,Florentino Luís,Ipswich Town,32,M,"['MC', 'DM']",65.0,184.0,1999-08-19 00:00:00+00:00,Right,Portugal,2031-06-30 00:00:00+00:00,15500000.0,EUR
344,357584,Borna Sosa,Crystal Palace,7,M,"['DL', 'ML']",76.0,187.0,1998-01-21 00:00:00+00:00,Left,Croatia,2028-06-30 00:00:00+00:00,2700000.0,EUR
345,871290,Lucas Perri,Torino,2696,G,['GK'],95.0,196.0,1997-12-10 00:00:00+00:00,Right,Brazil,2027-06-30 00:00:00+00:00,9200000.0,EUR
346,1545190,Bendito Mantato,Manchester United U21,36380,M,['RW'],,180.0,2008-01-25 00:00:00+00:00,Left,England,,360000.0,EUR
347,840103,John Victor,Nottingham Forest,14,G,['GK'],83.0,197.0,1996-02-13 00:00:00+00:00,Right,Brazil,2028-06-30 00:00:00+00:00,4900000.0,EUR
348,975937,Jacob Ramsey,Newcastle United,39,M,"['LW', 'MC']",,180.0,2001-05-28 00:00:00+00:00,Right,England,2030-06-30 00:00:00+00:00,36000000.0,EUR
349,1142315,Jack Hinshelwood,Brighton & Hove Albion,30,M,"['MC', 'DM']",,182.0,2005-04-11 00:00:00+00:00,Right,England,2029-06-30 00:00:00+00:00,27000000.0,EUR
350,867441,Angel Gomes,Olympique de Marseille,1641,M,"['MC', 'AM', 'DM']",52.0,168.0,2000-08-31 00:00:00+00:00,Right,England,2028-06-30 00:00:00+00:00,10800000.0,EUR
351,829022,Konstantinos Mavropanos,West Ham United,37,D,['DC'],78.0,194.0,1997-12-11 00:00:00+00:00,Right,Greece,2028-06-30 00:00:00+00:00,19500000.0,EUR
352,984014,Enzo Le Fée,Sunderland,41,M,"['MC', 'DM', 'AM']",,173.0,2000-02-03 00:00:00+00:00,Right,France,2029-06-30 00:00:00+00:00,26000000.0,EUR
353,42209,Martin Dúbravka,Tottenham Hotspur,33,G,['GK'],84.0,190.0,1989-01-15 00:00:00+00:00,Right,Slovakia,2027-06-30 00:00:00+00:00,485000.0,EUR
354,1014835,Yerson Mosquera,Wolverhampton,3,D,"['DC', 'DR']",,188.0,2001-05-02 00:00:00+00:00,Right,Colombia,2030-06-30 00:00:00+00:00,13000000.0,EUR
355,1170722,Jair,Nottingham Forest,14,D,['DC'],,198.0,2005-03-07 00:00:00+00:00,Both,Brazil,2030-06-30 00:00:00+00:00,15500000.0,EUR
356,871765,Nicolás Domínguez,Nottingham Forest,14,M,"['MC', 'DM']",73.0,179.0,1998-06-28 00:00:00+00:00,Right,Argentina,2028-06-30 00:00:00+00:00,13800000.0,EUR
357,791,James Milner,No team,241802,M,"['MC', 'DR']",70.0,175.0,1986-01-04 00:00:00+00:00,Right,England,,,
358,113956,Callum Wilson,Brentford,50,F,['ST'],66.0,180.0,1992-02-27 00:00:00+00:00,Right,England,2027-06-30 00:00:00+00:00,4300000.0,EUR
359,847097,Ethan Ampadu,Leeds United,34,M,"['MC', 'DM', 'DC']",69.0,182.0,2000-09-14 00:00:00+00:00,Right,Wales,2030-06-30 00:00:00+00:00,28000000.0,EUR
360,1198075,Brajan Gruda,RB Leipzig,36360,M,"['RW', 'AM']",,178.0,2004-05-31 00:00:00+00:00,Left,Germany,2027-06-30 00:00:00+00:00,29000000.0,EUR
361,1137431,Michael Kayode,Brentford,50,D,['DR'],,179.0,2004-07-10 00:00:00+00:00,Right,Italy,2032-06-30 00:00:00+00:00,39000000.0,EUR
362,973431,Brenden Aaronson,Leeds United,34,M,['AM'],66.0,178.0,2000-10-22 00:00:00+00:00,Right,USA,2027-06-30 00:00:00+00:00,23000000.0,EUR
363,892924,Hamed Junior Traorè,Genoa,2713,M,"['AM', 'LW']",68.0,177.0,2000-02-16 00:00:00+00:00,Right,Côte d'Ivoire,2027-06-30 00:00:00+00:00,14100000.0,EUR
364,1011895,Jota Silva,Olympiacos FC,3245,F,"['RW', 'LW', 'ST']",,179.0,1999-08-01 00:00:00+00:00,Right,Portugal,2027-06-30 00:00:00+00:00,10700000.0,EUR
365,1631879,Alysson,Aston Villa,40,M,['RW'],,184.0,2006-05-05 00:00:00+00:00,Left,Brazil,2031-06-30 00:00:00+00:00,10800000.0,EUR
366,96531,Alphonse Aréola,West Ham United,37,G,['GK'],85.0,195.0,1993-02-27 00:00:00+00:00,Right,France,2027-06-30 00:00:00+00:00,3700000.0,EUR
367,101882,Fabian Schär,Newcastle United,39,D,['DC'],84.0,186.0,1991-12-20 00:00:00+00:00,Right,Switzerland,2027-06-30 00:00:00+00:00,3900000.0,EUR
368,911679,Ilia Gruev,Leeds United,34,M,"['MC', 'DM']",,185.0,2000-05-06 00:00:00+00:00,Left,Bulgaria,2027-06-30 00:00:00+00:00,11000000.0,EUR
369,888550,Joe Willock,Newcastle United,39,M,['MC'],,186.0,1999-08-20 00:00:00+00:00,Right,England,2027-06-30 00:00:00+00:00,14500000.0,EUR
370,1168588,Eliezer Mayenda,Stade Rennais,1658,F,['ST'],,179.0,2005-05-08 00:00:00+00:00,Left,Spain,2031-06-30 00:00:00+00:00,16600000.0,EUR
371,329417,Timothy Castagne,Fulham,43,D,['DR'],82.0,185.0,1995-12-05 00:00:00+00:00,Right,Belgium,2027-06-30 00:00:00+00:00,7600000.0,EUR
372,990550,Zeki Amdouni,Burnley,6,F,"['ST', 'AM']",,183.0,2000-12-04 00:00:00+00:00,Both,Switzerland,2028-06-30 00:00:00+00:00,7600000.0,EUR
373,94758,Ben Davies,Tottenham Hotspur,33,D,"['DC', 'DL']",76.0,181.0,1993-04-24 00:00:00+00:00,Left,Wales,2027-06-30 00:00:00+00:00,2800000.0,EUR
374,1174472,Tyler Dibling,Everton,48,M,"['RW', 'MC']",,178.0,2006-02-17 00:00:00+00:00,Left,England,2029-06-30 00:00:00+00:00,15700000.0,EUR
375,886930,Jaka Bijol,Leeds United,34,D,['DC'],,192.0,1999-02-05 00:00:00+00:00,Right,Slovenia,2030-06-30 00:00:00+00:00,18500000.0,EUR
376,979563,Jarrad Branthwaite,Everton,48,D,['DC'],,195.0,2002-06-27 00:00:00+00:00,Left,England,2030-06-30 00:00:00+00:00,41000000.0,EUR
377,1546231,Joshua King,Fulham,43,M,"['AM', 'MC']",,172.0,2007-01-03 00:00:00+00:00,Right,England,2029-06-30 00:00:00+00:00,26000000.0,EUR
378,856739,Lutsharel Geertruida,PSV Eindhoven,2952,D,"['DR', 'DC']",,185.0,2000-07-18 00:00:00+00:00,Right,Netherlands,2027-06-30 00:00:00+00:00,22000000.0,EUR
379,795066,Marcus Edwards,Burnley,6,F,"['RW', 'AM']",,167.0,1998-12-03 00:00:00+00:00,Left,England,2029-06-30 00:00:00+00:00,6600000.0,EUR
380,931844,Chris Richards,Crystal Palace,7,D,"['DC', 'DR']",,188.0,2000-03-28 00:00:00+00:00,Right,USA,2027-06-30 00:00:00+00:00,25000000.0,EUR
381,1031258,Yehor Yarmoliuk,Brentford,50,M,"['MC', 'DM']",,180.0,2004-03-01 00:00:00+00:00,Right,Ukraine,2031-06-30 00:00:00+00:00,30000000.0,EUR
382,98435,Ross Barkley,Aston Villa,40,M,"['MC', 'DM', 'AM']",76.0,188.0,1993-12-05 00:00:00+00:00,Right,England,2027-06-30 00:00:00+00:00,3600000.0,EUR
383,103335,Bernd Leno,Fulham,43,G,['GK'],83.0,190.0,1992-03-04 00:00:00+00:00,Right,Germany,2027-06-30 00:00:00+00:00,5500000.0,EUR
384,803185,Lukas Nmecha,Leeds United,34,F,['ST'],,185.0,1998-12-14 00:00:00+00:00,Right,Germany,2027-06-30 00:00:00+00:00,9100000.0,EUR
385,1012928,Robin Roefs,Sunderland,41,G,['GK'],,193.0,2003-01-17 00:00:00+00:00,Left,Netherlands,2030-06-30 00:00:00+00:00,29000000.0,EUR
386,145188,James Tarkowski,Everton,48,D,['DC'],,185.0,1992-11-19 00:00:00+00:00,Right,England,2028-06-30 00:00:00+00:00,5200000.0,EUR
387,959628,Mats Wieffer,Brighton & Hove Albion,30,D,"['MC', 'DR', 'DM']",,188.0,1999-11-16 00:00:00+00:00,Right,Netherlands,2029-06-30 00:00:00+00:00,24000000.0,EUR
388,945217,Jean-Clair Todibo,West Ham United,37,D,"['DC', 'DR']",,189.0,1999-12-30 00:00:00+00:00,Right,France,2029-06-30 00:00:00+00:00,24000000.0,EUR
389,1101174,Pablo Felipe,West Ham United,37,F,['ST'],,184.0,2004-01-02 00:00:00+00:00,Right,Brazil,2030-06-30 00:00:00+00:00,18500000.0,EUR
390,963298,Dilane Bakwa,Lille,1643,M,"['RW', 'MR']",,179.0,2002-08-26 00:00:00+00:00,Left,France,2027-06-30 00:00:00+00:00,26000000.0,EUR
391,576384,Kristoffer Ajer,Brentford,50,D,"['DC', 'DR']",84.0,196.0,1998-04-17 00:00:00+00:00,Right,Norway,2030-06-30 00:00:00+00:00,24000000.0,EUR
392,998772,Dane Scarlett,Tottenham Hotspur,33,F,['ST'],,180.0,2004-03-24 00:00:00+00:00,Right,England,2027-06-30 00:00:00+00:00,1400000.0,EUR
393,78152,Matz Sels,Nottingham Forest,14,G,['GK'],75.0,188.0,1992-02-26 00:00:00+00:00,Right,Belgium,2028-06-30 00:00:00+00:00,3700000.0,EUR
394,362682,Joachim Andersen,Fulham,43,D,['DC'],89.0,190.0,1996-05-31 00:00:00+00:00,Right,Denmark,2029-06-30 00:00:00+00:00,21000000.0,EUR
395,1096210,Jackson Tchatchoua,Wolverhampton,3,M,"['DR', 'MR']",,180.0,2001-09-14 00:00:00+00:00,Right,Cameroon,2030-06-30 00:00:00+00:00,13200000.0,EUR
396,1010220,Nicolò Savona,Nottingham Forest,14,D,"['DR', 'DC']",,192.0,2003-03-19 00:00:00+00:00,Right,Italy,2030-06-30 00:00:00+00:00,14600000.0,EUR
397,985086,Morato,Nottingham Forest,14,D,"['DC', 'DL']",,190.0,2001-06-30 00:00:00+00:00,Left,Brazil,2029-06-30 00:00:00+00:00,13600000.0,EUR
398,1394089,Chris Rigg,Sunderland,41,M,"['MC', 'AM']",,177.0,2007-06-18 00:00:00+00:00,Left,England,2030-06-30 00:00:00+00:00,24000000.0,EUR
399,895576,Marcus Tavernier,Bournemouth,60,M,"['LW', 'RW']",,178.0,1999-03-22 00:00:00+00:00,Left,England,2029-06-30 00:00:00+00:00,23000000.0,EUR
400,850823,Joël Piroe,West Ham United,37,F,"['ST', 'AM']",,181.0,1999-08-02 00:00:00+00:00,Left,Suriname,2027-06-30 00:00:00+00:00,9100000.0,EUR
401,889861,Anton Stach,Leeds United,34,M,"['MC', 'DM']",,192.0,1998-11-15 00:00:00+00:00,Both,Germany,2029-06-30 00:00:00+00:00,27000000.0,EUR
402,303638,Tyrone Mings,Aston Villa,40,D,['DC'],77.0,195.0,1993-03-13 00:00:00+00:00,Left,England,2027-06-30 00:00:00+00:00,3200000.0,EUR
403,371222,Saša Lukić,Ipswich Town,32,M,"['MC', 'DM']",77.0,183.0,1996-08-13 00:00:00+00:00,Right,Serbia,2030-06-30 00:00:00+00:00,9400000.0,EUR
404,935543,Dwight McNeil,Crystal Palace,7,M,"['ML', 'LW']",,183.0,1999-11-22 00:00:00+00:00,Left,England,2030-06-30 00:00:00+00:00,18800000.0,EUR
405,924378,Sepp van den Berg,Brentford,50,D,['DC'],,192.0,2001-12-20 00:00:00+00:00,Right,Netherlands,2029-06-30 00:00:00+00:00,33000000.0,EUR
406,894733,Marshall Munetsi,Wolverhampton,3,M,"['MC', 'AM', 'DM']",,187.0,1996-06-22 00:00:00+00:00,Right,Zimbabwe,2028-06-30 00:00:00+00:00,15500000.0,EUR
407,1031283,David Møller Wolfe,Wolverhampton,3,D,['DL'],,185.0,2002-04-23 00:00:00+00:00,Left,Norway,2030-06-30 00:00:00+00:00,11000000.0,EUR
408,115365,Lewis Dunk,Brighton & Hove Albion,30,D,['DC'],77.0,190.0,1991-11-21 00:00:00+00:00,Right,England,2027-06-30 00:00:00+00:00,3600000.0,EUR
409,875137,Zian Flemming,Burnley,6,F,['ST'],,183.0,1998-08-01 00:00:00+00:00,Right,Netherlands,2029-06-30 00:00:00+00:00,12600000.0,EUR
410,836698,Ryan Sessegnon,Fulham,43,D,"['DL', 'ML']",71.0,178.0,2000-05-18 00:00:00+00:00,Left,England,2027-06-30 00:00:00+00:00,21000000.0,EUR
411,1406130,Veljko Milosavljević,Bournemouth,60,D,['DC'],,192.0,2007-06-28 00:00:00+00:00,Right,Serbia,2030-06-30 00:00:00+00:00,18600000.0,EUR
412,856640,Mads Hermansen,West Ham United,37,G,['GK'],,187.0,2000-07-11 00:00:00+00:00,Right,Denmark,2030-06-30 00:00:00+00:00,15500000.0,EUR
413,999028,Adrien Truffert,Bournemouth,60,D,"['DL', 'ML']",,176.0,2001-11-20 00:00:00+00:00,Left,France,2030-06-30 00:00:00+00:00,28000000.0,EUR
414,1170560,Soungoutou Magassa,West Ham United,37,M,"['MC', 'DM', 'DC']",,188.0,2003-10-08 00:00:00+00:00,Right,France,2031-06-30 00:00:00+00:00,18400000.0,EUR
415,962408,Bafodé Diakité,Bournemouth,60,D,['DC'],,182.0,2001-01-06 00:00:00+00:00,Right,France,2030-06-30 00:00:00+00:00,23000000.0,EUR
416,958916,Nathan Collins,Brentford,50,D,['DC'],,193.0,2001-04-30 00:00:00+00:00,Right,Ireland,2029-06-30 00:00:00+00:00,29000000.0,EUR
417,1126692,Antoni Milambo,Brentford,50,M,"['MC', 'AM']",,179.0,2005-04-03 00:00:00+00:00,Right,Netherlands,2030-06-30 00:00:00+00:00,15500000.0,EUR
418,1004505,Loum Tchaouna,Coventry City,11,F,['RW'],,180.0,2003-09-08 00:00:00+00:00,Left,France,2031-06-30 00:00:00+00:00,13800000.0,EUR
419,866191,Sean Longstaff,Leeds United,34,M,['MC'],,187.0,1997-10-30 00:00:00+00:00,Right,England,2029-06-30 00:00:00+00:00,14400000.0,EUR
420,998253,Jake O'Brien,Everton,48,D,"['DR', 'DC']",,197.0,2001-05-15 00:00:00+00:00,Right,Ireland,2028-06-30 00:00:00+00:00,16500000.0,EUR
421,836675,Pascal Struijk,Brighton & Hove Albion,30,D,['DC'],,190.0,1999-08-11 00:00:00+00:00,Left,Netherlands,2031-06-30 00:00:00+00:00,23000000.0,EUR
422,834308,Gabriel Gudmundsson,Leeds United,34,D,"['DL', 'ML']",74.0,181.0,1999-04-29 00:00:00+00:00,Left,Sweden,2029-06-30 00:00:00+00:00,21000000.0,EUR
423,870038,Saša Kalajdžić,LASK,2058,F,['ST'],76.0,200.0,1997-07-07 00:00:00+00:00,Right,Austria,2029-06-30 00:00:00+00:00,3700000.0,EUR
424,988275,Tyrick Mitchell,Crystal Palace,7,M,['ML'],,174.0,1999-09-01 00:00:00+00:00,Left,England,2027-06-30 00:00:00+00:00,23000000.0,EUR
425,361352,Adam Armstrong,Wolverhampton,3,F,['ST'],69.0,172.0,1997-02-10 00:00:00+00:00,Right,England,2029-06-30 00:00:00+00:00,6500000.0,EUR
426,1526628,Fer López,Wolverhampton,3,M,"['MC', 'AM']",,186.0,2004-05-24 00:00:00+00:00,Left,Spain,2030-06-30 00:00:00+00:00,17500000.0,EUR
427,1050692,Diego Coppola,Paris FC,6070,D,['DC'],,192.0,2003-12-28 00:00:00+00:00,Right,Italy,2031-06-30 00:00:00+00:00,19700000.0,EUR
428,823085,Kyle Walker-Peters,West Ham United,37,D,['DR'],64.0,173.0,1997-04-13 00:00:00+00:00,Right,England,2028-06-30 00:00:00+00:00,11200000.0,EUR
429,110846,Michael Keane,Everton,48,D,['DC'],82.0,188.0,1993-01-11 00:00:00+00:00,Right,England,2027-06-30 00:00:00+00:00,2800000.0,EUR
430,1117223,Maxime Estève,RB Leipzig,36360,D,['DC'],,192.0,2002-05-26 00:00:00+00:00,Left,France,2031-06-30 00:00:00+00:00,26000000.0,EUR
431,989034,Trai Hume,Sunderland,41,D,['DR'],,180.0,2002-03-18 00:00:00+00:00,Right,Northern Ireland,2030-06-30 00:00:00+00:00,20000000.0,EUR
432,322391,Ryan Christie,Bournemouth,60,M,"['MC', 'DM']",,178.0,1995-02-22 00:00:00+00:00,Left,Scotland,2029-06-30 00:00:00+00:00,8600000.0,EUR
433,1006073,Rodrigo Gomes,Wolverhampton,3,M,"['MR', 'ML']",57.0,171.0,2003-07-07 00:00:00+00:00,Right,Portugal,2029-06-30 00:00:00+00:00,14600000.0,EUR
434,842513,Igor Júlio,Brighton & Hove Albion,30,D,['DC'],84.0,185.0,1998-02-07 00:00:00+00:00,Left,Brazil,2027-06-30 00:00:00+00:00,9700000.0,EUR
435,846308,Santiago Bueno,Wolverhampton,3,D,['DC'],,189.0,1998-11-09 00:00:00+00:00,Right,Uruguay,2028-06-30 00:00:00+00:00,9200000.0,EUR
436,827681,James Justin,Leeds United,34,D,"['DR', 'DL']",,183.0,1998-02-23 00:00:00+00:00,Right,England,2029-06-30 00:00:00+00:00,12400000.0,EUR
437,1398204,George Hemmings,Aston Villa,40,M,"['MC', 'DM']",,182.0,2007-03-04 00:00:00+00:00,Both,England,,860000.0,EUR
438,143047,Matt Doherty,Sheffield United,15,D,"['DR', 'DC', 'MR']",80.0,182.0,1992-01-16 00:00:00+00:00,Right,Ireland,2027-06-30 00:00:00+00:00,1000000.0,EUR
439,855731,David Brooks,Bournemouth,60,M,['RW'],,173.0,1997-07-08 00:00:00+00:00,Left,Wales,2029-06-30 00:00:00+00:00,11000000.0,EUR
440,828640,Joe Rodon,Leeds United,34,D,['DC'],,193.0,1997-10-22 00:00:00+00:00,Right,Wales,2028-06-30 00:00:00+00:00,18800000.0,EUR
441,1471671,Jaydee Canvot,Crystal Palace,7,D,"['DC', 'DR', 'DL']",,188.0,2006-07-29 00:00:00+00:00,Right,France,2029-06-30 00:00:00+00:00,25000000.0,EUR
442,1089388,Lamare Bogarde,Aston Villa,40,M,"['MC', 'DC', 'DM']",,183.0,2004-01-05 00:00:00+00:00,Right,Netherlands,2028-06-30 00:00:00+00:00,17500000.0,EUR
443,1020680,Jaidon Anthony,Brentford,50,M,"['LW', 'ML']",,177.0,1999-12-01 00:00:00+00:00,Right,England,2030-06-30 00:00:00+00:00,19400000.0,EUR
444,1392044,Quilindschy Hartman,Espanyol,2814,D,['DL'],,183.0,2001-11-14 00:00:00+00:00,Left,Netherlands,2027-06-30 00:00:00+00:00,15500000.0,EUR
445,799251,Mathias Jensen,Brentford,50,M,['MC'],68.0,180.0,1996-01-01 00:00:00+00:00,Both,Denmark,2027-06-30 00:00:00+00:00,10400000.0,EUR
446,301288,Solly March,No team,241802,M,"['RW', 'ML', 'MR']",77.0,180.0,1994-07-20 00:00:00+00:00,Left,England,,1000000.0,EUR
447,996910,Bashir Humphreys,Burnley,6,D,"['DC', 'DL']",,186.0,2003-03-15 00:00:00+00:00,Left,England,2029-06-30 00:00:00+00:00,13100000.0,EUR
448,894474,Max Kilman,West Ham United,37,D,['DC'],,192.0,1997-05-23 00:00:00+00:00,Left,England,2031-06-30 00:00:00+00:00,12600000.0,EUR
449,855864,Ethan Pinnock,Coventry City,11,D,['DC'],,194.0,1993-05-29 00:00:00+00:00,Left,Jamaica,,2800000.0,EUR
450,814873,Vitaly Janelt,Brentford,50,M,"['MC', 'DM']",,184.0,1998-05-10 00:00:00+00:00,Left,Germany,2030-06-30 00:00:00+00:00,16600000.0,EUR
451,972421,Keane Lewis-Potter,Brentford,50,D,"['DL', 'LW']",,170.0,2001-02-22 00:00:00+00:00,Right,England,2031-06-30 00:00:00+00:00,24000000.0,EUR
452,829570,Jack Harrison,New England Revolution,2511,F,"['RW', 'MR']",,175.0,1996-11-20 00:00:00+00:00,Left,England,2030-06-30 00:00:00+00:00,7000000.0,EUR
453,190877,Kenny Tete,Fulham,43,D,['DR'],77.0,180.0,1995-10-09 00:00:00+00:00,Right,Netherlands,2028-06-30 00:00:00+00:00,8700000.0,EUR
454,1013928,Hugo Bueno,Wolverhampton,3,M,"['DL', 'ML']",,180.0,2002-09-18 00:00:00+00:00,Left,Spain,2028-06-30 00:00:00+00:00,13000000.0,EUR
455,1064082,Merlin Röhl,Everton,48,M,"['MC', 'DM', 'AM']",,191.0,2002-07-05 00:00:00+00:00,Both,Germany,2029-06-30 00:00:00+00:00,14700000.0,EUR
456,1438837,Romain Esse,Crystal Palace,7,M,['RW'],,178.0,2005-05-13 00:00:00+00:00,Left,England,2030-06-30 00:00:00+00:00,10900000.0,EUR
457,219572,Joël Veltman,West Ham United,37,D,"['DR', 'DC']",73.0,184.0,1992-01-15 00:00:00+00:00,Right,Netherlands,2027-06-30 00:00:00+00:00,1500000.0,EUR
458,788784,Olivier Boscagli,Brighton & Hove Albion,30,D,['DC'],68.0,181.0,1997-11-18 00:00:00+00:00,Left,France,2030-06-30 00:00:00+00:00,13900000.0,EUR
459,1523623,Mohamadou Kanté,West Ham United,37,M,['MC'],,189.0,2005-09-20 00:00:00+00:00,Right,France,2031-06-30 00:00:00+00:00,905000.0,EUR
460,1457536,Andrés García,Getafe,2859,D,['DR'],,183.0,2003-02-07 00:00:00+00:00,Right,Spain,2027-06-30 00:00:00+00:00,6500000.0,EUR
461,973418,Toti Gomes,Wolverhampton,3,D,"['DC', 'DL']",,187.0,1999-01-16 00:00:00+00:00,Left,Portugal,2029-06-30 00:00:00+00:00,18700000.0,EUR
462,193554,Will Hughes,Crystal Palace,7,M,"['MC', 'DM']",74.0,185.0,1995-04-17 00:00:00+00:00,Left,England,2027-06-30 00:00:00+00:00,4600000.0,EUR
463,100390,Marco Bizot,Aston Villa,40,G,['GK'],85.0,194.0,1991-03-10 00:00:00+00:00,Right,Netherlands,2027-06-30 00:00:00+00:00,1400000.0,EUR
464,826183,Mike Trésor,Burnley,6,M,"['LW', 'MC']",,175.0,1999-05-28 00:00:00+00:00,Right,Belgium,2028-06-30 00:00:00+00:00,2100000.0,EUR
465,846252,Ryan Yates,Nottingham Forest,14,M,"['MC', 'DM']",,190.0,1997-11-21 00:00:00+00:00,Right,England,2028-06-30 00:00:00+00:00,7200000.0,EUR
466,966869,Aaron Hickey,Brentford,50,D,"['DR', 'ML']",,185.0,2002-06-10 00:00:00+00:00,Both,Scotland,2028-06-30 00:00:00+00:00,16500000.0,EUR
467,76632,Séamus Coleman,No team,241802,M,"['DR', 'MR']",67.0,177.0,1988-10-11 00:00:00+00:00,Right,Ireland,,220000.0,EUR
468,548188,Lewis Cook,Bournemouth,60,M,"['MC', 'DM']",71.0,175.0,1997-02-03 00:00:00+00:00,Right,England,2028-06-30 00:00:00+00:00,11600000.0,EUR
469,150396,Emil Krafth,No team,241802,D,"['DR', 'DC']",79.0,184.0,1994-08-02 00:00:00+00:00,Right,Sweden,,810000.0,EUR
470,929132,Jayden Bogle,Leeds United,34,D,"['DR', 'MR']",,178.0,2000-07-27 00:00:00+00:00,Right,England,2028-06-30 00:00:00+00:00,16000000.0,EUR
471,954044,Ki-Jana Hoever,AC Sparta Praha,2218,D,"['DR', 'MR']",,180.0,2002-01-18 00:00:00+00:00,Right,Netherlands,,3300000.0,EUR
472,1005725,Tawanda Chirewa,Wolverhampton,3,M,['RW'],,181.0,2003-10-11 00:00:00+00:00,Right,Zimbabwe,2027-06-30 00:00:00+00:00,440000.0,EUR
473,1410178,Jamaldeen Jimoh,Aston Villa U21,36541,M,['LW'],,188.0,2006-10-02 00:00:00+00:00,Right,England,,545000.0,EUR
474,1125214,Alex Murphy,1. FC Kaiserslautern,2675,D,"['DL', 'DC']",,188.0,2004-06-25 00:00:00+00:00,Left,Ireland,2027-06-30 00:00:00+00:00,1600000.0,EUR
475,1156586,James Hill,Bournemouth,60,D,"['DC', 'DR']",,184.0,2002-01-10 00:00:00+00:00,Right,England,2029-06-30 00:00:00+00:00,24000000.0,EUR
476,826167,Sebastiaan Bornauw,Hamburger SV,2676,D,"['DC', 'DR']",,190.0,1999-03-22 00:00:00+00:00,Right,Belgium,2027-06-30 00:00:00+00:00,7800000.0,EUR
477,153444,Jamaal Lascelles,No team,241802,D,['DC'],,188.0,1993-11-11 00:00:00+00:00,Right,England,,760000.0,EUR
478,1627560,Harrison Armstrong,Everton,48,M,"['MC', 'DM']",,185.0,2007-01-19 00:00:00+00:00,Right,England,2028-06-30 00:00:00+00:00,12400000.0,EUR
479,227946,Angus Gunn,San Jose Earthquakes,21825,G,['GK'],77.0,196.0,1996-01-22 00:00:00+00:00,Right,Scotland,2030-06-30 00:00:00+00:00,1100000.0,EUR
480,1020141,Nathan Patterson,Everton,48,D,"['DR', 'MR']",,189.0,2001-10-16 00:00:00+00:00,Right,Scotland,2027-06-30 00:00:00+00:00,10900000.0,EUR
481,1167066,Tom Watson,Leicester City,31,M,['LW'],,190.0,2006-04-08 00:00:00+00:00,Right,England,2027-05-31 00:00:00+00:00,7500000.0,EUR
482,1014987,Dennis Cirkin,Queens Park Rangers,1,D,['DL'],,180.0,2002-04-06 00:00:00+00:00,Left,Latvia,2031-06-30 00:00:00+00:00,5600000.0,EUR
483,1403098,Kaye Furo,Brentford,50,F,['ST'],,190.0,2007-02-06 00:00:00+00:00,Right,Belgium,2031-06-30 00:00:00+00:00,7600000.0,EUR
484,1085950,Tim Iroegbunam,Everton,48,M,"['MC', 'DM']",,182.0,2003-06-30 00:00:00+00:00,Right,England,2027-06-30 00:00:00+00:00,18500000.0,EUR
485,792122,Josh Cullen,Burnley,6,M,"['MC', 'DM']",70.0,175.0,1996-04-07 00:00:00+00:00,Right,Ireland,2027-06-30 00:00:00+00:00,4099999.0,EUR
486,82566,Tom Cairney,Fulham,43,M,"['MC', 'DM', 'AM']",72.0,185.0,1991-01-20 00:00:00+00:00,Left,Scotland,2027-06-30 00:00:00+00:00,530000.0,EUR
487,2138729,Jocelin Ta Bi,Sunderland,41,M,['RW'],,175.0,2005-02-09 00:00:00+00:00,Left,Côte d'Ivoire,2030-06-30 00:00:00+00:00,2600000.0,EUR
488,868715,Jorge Cuenca,Fulham,43,D,['DC'],,190.0,1999-11-17 00:00:00+00:00,Left,Spain,2028-06-30 00:00:00+00:00,8600000.0,EUR
489,979144,Luca Netz,Nottingham Forest,14,D,"['DL', 'ML']",,180.0,2003-05-15 00:00:00+00:00,Left,Germany,2030-06-30 00:00:00+00:00,7700000.0,EUR
490,599128,Rico Henry,Brentford,50,D,"['DL', 'ML']",66.0,175.0,1997-07-08 00:00:00+00:00,Left,Jamaica,2027-06-30 00:00:00+00:00,13800000.0,EUR
491,1084311,Justin Devenny,Crystal Palace,7,M,"['MC', 'DM']",,184.0,2003-10-11 00:00:00+00:00,Left,Northern Ireland,2027-06-30 00:00:00+00:00,11500000.0,EUR
492,1403190,Callum Olusesi,Tottenham U21,77865,M,"['MC', 'DM']",,175.0,2007-03-11 00:00:00+00:00,Right,England,2028-06-30 00:00:00+00:00,4800000.0,EUR
493,1094440,Romaine Mundle,Sunderland,41,F,['LW'],,177.0,2003-04-24 00:00:00+00:00,Right,England,2028-06-30 00:00:00+00:00,6800000.0,EUR
494,1627806,Harry Howell,Leicester City,31,M,['RW'],,178.0,2008-04-20 00:00:00+00:00,Left,England,2027-05-31 00:00:00+00:00,7300000.0,EUR
495,43215,Nathaniel Clyne,No team,241802,D,['DR'],67.0,175.0,1991-04-05 00:00:00+00:00,Right,England,,280000.0,EUR
496,809276,Jacob Bruun Larsen,Burnley,6,F,['LW'],75.0,183.0,1998-09-19 00:00:00+00:00,Right,Denmark,2029-06-30 00:00:00+00:00,4400000.0,EUR
497,1089582,Freddie Potts,Club Brugge KV,2888,M,"['MC', 'DM']",,183.0,2003-09-12 00:00:00+00:00,Right,England,2030-06-30 00:00:00+00:00,10400000.0,EUR
498,1088897,Jenson Seelt,Swansea City,74,D,['DC'],,192.0,2003-05-23 00:00:00+00:00,Right,Netherlands,2027-05-31 00:00:00+00:00,5200000.0,EUR
499,365812,Luke O'Nien,Sunderland,41,D,['DC'],74.0,174.0,1994-11-21 00:00:00+00:00,Right,England,2027-06-30 00:00:00+00:00,660000.0,EUR
500,1136896,Lucas Pires,Burnley,6,D,['DL'],,182.0,2001-03-24 00:00:00+00:00,Left,Brazil,2028-06-30 00:00:00+00:00,4300000.0,EUR
501,1913038,Jun'ai Byfield,Tottenham U21,77865,D,['DC'],,188.0,2008-12-06 00:00:00+00:00,Right,England,2027-06-30 00:00:00+00:00,3200000.0,EUR
502,875360,Hjalmar Ekdal,Burnley,6,D,['DC'],76.0,187.0,1998-10-21 00:00:00+00:00,Right,Sweden,2027-06-30 00:00:00+00:00,4700000.0,EUR
503,1142573,Jaydon Banel,Burnley,6,M,"['LW', 'RW', 'ST']",,172.0,2004-10-19 00:00:00+00:00,Right,Netherlands,2029-06-30 00:00:00+00:00,950000.0,EUR
504,1150952,Oliver Scarles,West Ham United,37,D,"['ML', 'DL']",,180.0,2005-12-12 00:00:00+00:00,Left,England,2028-06-30 00:00:00+00:00,9100000.0,EUR
505,98427,Sam Johnstone,Wolverhampton,3,G,['GK'],85.0,193.0,1993-03-25 00:00:00+00:00,Right,England,2028-06-30 00:00:00+00:00,2100000.0,EUR
506,1445189,Tom Edozie,Wolverhampton U21,36551,M,['LW'],,178.0,2006-05-18 00:00:00+00:00,Right,England,,195000.0,EUR
507,1511675,Sean Neave,Newcastle United,39,F,['ST'],,184.0,2007-05-27 00:00:00+00:00,Right,England,,,
508,1390490,Zach Abbott,Nottingham Forest,14,D,"['DC', 'DR']",,180.0,2006-05-13 00:00:00+00:00,Right,England,2029-06-30 00:00:00+00:00,3900000.0,EUR
509,1005959,Hákon Rafn Valdimarsson,Brentford,50,G,['GK'],,195.0,2001-10-13 00:00:00+00:00,Right,Iceland,2030-06-30 00:00:00+00:00,2600000.0,EUR
510,856260,Josh Dasilva,Brentford U21,457809,M,['MC'],75.0,184.0,1998-10-23 00:00:00+00:00,Left,England,2027-06-30 00:00:00+00:00,1500000.0,EUR
511,44566,Adam Smith,Bournemouth,60,D,['DR'],,180.0,1991-04-29 00:00:00+00:00,Right,England,2027-06-30 00:00:00+00:00,310000.0,EUR
512,1394099,Callum Marshall,Luton Town,72,F,['ST'],,176.0,2004-11-28 00:00:00+00:00,Left,Northern Ireland,,2100000.0,EUR
513,964106,Dan Neil,Rangers,2351,M,"['MC', 'DM']",,178.0,2001-11-30 00:00:00+00:00,Left,England,2029-05-31 00:00:00+00:00,4800000.0,EUR
514,361326,Patrick Roberts,Birmingham City,9,M,['RW'],58.0,167.0,1997-02-05 00:00:00+00:00,Left,England,2028-06-30 00:00:00+00:00,4099999.0,EUR
515,845464,Andy Irving,AC Sparta Praha,2218,M,['MC'],,186.0,2000-05-13 00:00:00+00:00,Left,Scotland,2029-06-30 00:00:00+00:00,4800000.0,EUR
516,1899712,Bradley Burrowes,Aston Villa U21,36541,M,['ST'],,169.0,2008-03-04 00:00:00+00:00,Right,England,2027-06-30 00:00:00+00:00,1800000.0,EUR
517,365802,Harrison Reed,Fulham,43,M,"['MC', 'DM']",74.0,176.0,1995-01-27 00:00:00+00:00,Right,England,2027-06-30 00:00:00+00:00,2100000.0,EUR
518,1099795,Melker Ellborg,Sunderland,41,G,['GK'],,191.0,2003-05-22 00:00:00+00:00,Right,Sweden,2030-06-30 00:00:00+00:00,2800000.0,EUR
519,1212165,George Earthy,Reading,28,M,['AM'],,180.0,2004-09-05 00:00:00+00:00,Right,England,2029-06-30 00:00:00+00:00,1900000.0,EUR
520,1469007,Rio Cardines,Bristol City,58,F,['ML'],,187.0,2006-01-07 00:00:00+00:00,Left,Trinidad and Tobago,2027-05-31 00:00:00+00:00,290000.0,EUR
521,1586020,Romelle Donovan,Sheffield United,15,F,['RW'],,171.0,2006-11-30 00:00:00+00:00,Left,England,2027-05-31 00:00:00+00:00,3700000.0,EUR
522,27028,Ashley Barnes,Burnley,6,M,"['ST', 'AM']",77.0,186.0,1989-10-30 00:00:00+00:00,Right,England,2027-06-30 00:00:00+00:00,145000.0,EUR
523,1128801,Max Weiss,Burnley,6,G,['GK'],,190.0,2004-06-15 00:00:00+00:00,Right,Germany,2029-06-30 00:00:00+00:00,4300000.0,EUR
524,254713,Sam Byram,Middlesbrough,36,D,"['DL', 'DR']",72.0,183.0,1993-09-16 00:00:00+00:00,Right,England,,390000.0,EUR
525,838399,Joe Worrall,Burnley,6,D,"['DC', 'DR']",64.0,193.0,1997-01-10 00:00:00+00:00,Right,England,2028-06-30 00:00:00+00:00,1900000.0,EUR
526,1403130,James Rowswell,Tottenham U21,77865,D,['DR'],,188.0,2006-07-13 00:00:00+00:00,Right,England,2029-06-30 00:00:00+00:00,1000000.0,EUR
527,101367,Daniel Bentley,Coventry City,11,G,['GK'],72.0,188.0,1993-07-13 00:00:00+00:00,Right,England,2028-06-30 00:00:00+00:00,730000.0,EUR
528,2007717,Joel Drakes-Thomas,Crystal Palace U21,77869,M,['MR'],,180.0,2009-06-09 00:00:00+00:00,Right,England,,1400000.0,EUR
529,1652590,Ezra Mayers,West Ham United,37,D,"['DC', 'DL']",,183.0,2007-01-16 00:00:00+00:00,Left,England,2028-06-30 00:00:00+00:00,1800000.0,EUR
530,1185603,Kaden Rodney,Muaither SC,68804,M,"['MC', 'DM', 'DR']",,189.0,2004-10-07 00:00:00+00:00,Right,England,,195000.0,EUR
531,552036,Josh Laurent,Burnley,6,M,"['MC', 'DM']",73.0,188.0,1995-05-06 00:00:00+00:00,Right,England,2027-06-30 00:00:00+00:00,1500000.0,EUR
532,980649,Myles Peart-Harris,Middlesbrough,36,M,"['AM', 'LW']",,187.0,2002-09-18 00:00:00+00:00,Right,England,2030-06-30 00:00:00+00:00,875000.0,EUR
533,1899611,Nehemiah Oriola,Brighton & Hove Albion U21,169150,F,['RW'],,,2007-06-11 00:00:00+00:00,Right,England,2029-06-30 00:00:00+00:00,195000.0,EUR
534,2007889,Ben Winterburn,Bournemouth,60,M,['AM'],,185.0,2004-09-04 00:00:00+00:00,Right,England,2027-06-30 00:00:00+00:00,320000.0,EUR
535,2263877,Jerome Abbey,Wolverhampton U21,36551,M,,,184.0,2009-09-16 00:00:00+00:00,Right,England,2028-06-30 00:00:00+00:00,,
536,1565348,Joe Knight,Stevenage,133,M,"['MC', 'DM']",,,2005-09-21 00:00:00+00:00,Right,England,,105000.0,EUR
