,teamName,teamId,goalsScored,goalsConceded,ownGoals,assists,shots,penaltyGoals,penaltiesTaken,freeKickGoals,freeKickShots,goalsFromInsideTheBox,goalsFromOutsideTheBox,shotsFromInsideTheBox,shotsFromOutsideTheBox,headedGoals,leftFootGoals,rightFootGoals,bigChances,bigChancesCreated,bigChancesMissed,shotsOnTarget,shotsOffTarget,blockedScoringAttempt,successfulDribbles,dribbleAttempts,corners,hitWoodwork,fastBreaks,fastBreakGoals,fastBreakShots,averageBallPossession,totalPasses,accuratePasses,accuratePassesPercentage,totalOwnHalfPasses,accurateOwnHalfPasses,accurateOwnHalfPassesPercentage,totalOppositionHalfPasses,accurateOppositionHalfPasses,accurateOppositionHalfPassesPercentage,totalLongBalls,accurateLongBalls,accurateLongBallsPercentage,totalCrosses,accurateCrosses,accurateCrossesPercentage,cleanSheets,tackles,interceptions,saves,errorsLeadingToGoal,errorsLeadingToShot,penaltiesCommited,penaltyGoalsConceded,clearances,clearancesOffLine,lastManTackles,totalDuels,duelsWon,duelsWonPercentage,totalGroundDuels,groundDuelsWon,groundDuelsWonPercentage,totalAerialDuels,aerialDuelsWon,aerialDuelsWonPercentage,possessionLost,offsides,fouls,yellowCards,yellowRedCards,redCards,avgRating,accurateFinalThirdPassesAgainst,accurateOppositionHalfPassesAgainst,accurateOwnHalfPassesAgainst,accuratePassesAgainst,bigChancesAgainst,bigChancesCreatedAgainst,bigChancesMissedAgainst,clearancesAgainst,cornersAgainst,crossesSuccessfulAgainst,crossesTotalAgainst,dribbleAttemptsTotalAgainst,dribbleAttemptsWonAgainst,errorsLeadingToGoalAgainst,errorsLeadingToShotAgainst,hitWoodworkAgainst,interceptionsAgainst,keyPassesAgainst,longBallsSuccessfulAgainst,longBallsTotalAgainst,offsidesAgainst,redCardsAgainst,shotsAgainst,shotsBlockedAgainst,shotsFromInsideTheBoxAgainst,shotsFromOutsideTheBoxAgainst,shotsOffTargetAgainst,shotsOnTargetAgainst,blockedScoringAttemptAgainst,tacklesAgainst,totalFinalThirdPassesAgainst,oppositionHalfPassesTotalAgainst,ownHalfPassesTotalAgainst,totalPassesAgainst,yellowCardsAgainst,throwIns,goalKicks,ballRecovery,freeKicks,kilometersCovered,numberOfSprints,id,matches,awardedMatches,statisticsType
0,Arsenal,42,71,27,1,51,553,4,4,0,8,57,10,405,148,16,15,36,116,84,78,187,201,165,272,569,216,16,39,4,35,56.131578947368,17897,15076,84.237581717606,7598,6980,91.866280600158,10299,8096,78.609573745024,1122,499,44.474153297683,677,163,24.076809453471,19,602,269,62,5,22,0,0,903,3,12,3638,1875,51.53930731171,2460,1272,51.707317073171,1178,603,51.188455008489,4747,61,391,51,0,0,6.9371080139373,2256,4973,6148,11121,51,29,35,1153,126,90,499,480,208,12,34,12,308,223,766,2014,25,2,310,107,197,113,113,90,107,615,3483,6985,6955,13940,71,652,213,1711,409,3974.09,6363,48428,38,0,"{'sportSlug': 'football', 'statisticsType': 'team'}"
1,Leeds United,34,49,56,1,24,478,6,8,3,10,41,7,326,152,6,9,32,89,61,57,151,190,137,214,504,168,13,35,3,31,45.736842105263,15039,11935,79.360329809163,7481,6724,89.881031947601,7558,5211,68.946811325748,1134,523,46.119929453263,683,181,26.500732064422,8,661,340,101,3,15,6,6,1158,7,6,4045,1992,49.245982694685,2537,1275,50.256208119827,1508,717,47.546419098143,5174,60,398,63,1,1,6.7814946619217,3543,7367,7534,14901,77,61,47,1126,193,194,769,612,287,8,27,10,252,347,801,1947,81,1,477,142,326,151,173,163,141,608,4992,9646,8351,17997,67,698,293,1710,415,4047.21,6910,48669,38,0,"{'sportSlug': 'football', 'statisticsType': 'team'}"
2,Brighton & Hove Albion,30,52,46,4,33,495,3,5,1,15,45,6,329,166,8,13,30,88,64,56,176,187,132,267,581,185,13,23,1,22,54.078947368421,18128,15213,83.919902912621,9196,8475,92.159634623749,8932,6738,75.436632333184,1222,577,47.21767594108,716,192,26.815642458101,10,676,322,106,12,24,6,5,895,4,6,3826,1871,48.902247778359,2715,1307,48.139963167587,1111,564,50.765076507651,4943,64,453,86,0,0,6.8114922813036,2791,5711,6706,12417,77,60,48,977,183,133,585,657,340,15,20,11,341,329,864,2060,56,1,442,110,310,132,184,148,110,639,4095,7856,7576,15432,77,634,298,1854,371,3968.48,7135,48175,38,0,"{'sportSlug': 'football', 'statisticsType': 'team'}"
3,Brentford,50,55,52,3,33,405,8,10,0,10,51,2,306,99,12,13,28,114,87,69,147,162,96,246,595,182,16,58,9,50,47.605263157895,15024,11901,79.213258785942,7456,6732,90.289699570815,7568,5169,68.300739957717,1478,630,42.625169147497,683,183,26.793557833089,10,554,331,111,10,19,8,5,1111,6,5,3870,1868,48.268733850129,2411,1129,46.827042720863,1459,739,50.651130911583,5218,58,390,69,0,1,6.8071167883212,3654,7130,6453,13583,85,61,55,1233,204,149,732,525,271,4,23,15,279,364,827,1969,37,1,505,165,321,184,177,163,165,648,5100,9403,7260,16663,73,707,300,1923,339,4014.55,7153,48370,38,0,"{'sportSlug': 'football', 'statisticsType': 'team'}"
4,Sunderland,41,42,48,2,26,396,4,5,0,7,34,4,281,115,7,7,24,64,47,42,130,151,115,205,462,138,11,27,3,24,44.842105263158,14252,11305,79.322200392927,6603,5914,89.56534908375,7649,5391,70.479801281213,1239,545,43.987086359968,612,116,18.954248366013,11,585,299,119,10,28,3,2,1159,4,8,3667,1837,50.095445868557,2324,1177,50.645438898451,1343,660,49.143708116158,4844,55,407,82,0,3,6.7803703703704,3975,7728,6953,14681,81,63,51,1101,195,193,816,537,232,6,23,18,264,389,818,1936,44,2,540,166,348,192,205,169,166,531,5326,9840,7724,17564,73,664,302,1698,409,3861.18,6243,48173,38,0,"{'sportSlug': 'football', 'statisticsType': 'team'}"
5,Bournemouth,60,58,54,3,35,524,5,6,2,21,45,12,312,212,5,22,30,89,60,54,177,196,151,295,641,212,18,47,9,41,50.184210526316,15727,12595,80.085203789661,6734,6031,89.56043956044,8993,6564,72.990103413766,1559,615,39.448364336113,731,133,18.194254445964,11,654,366,109,3,18,6,6,1173,4,12,4060,1956,48.177339901478,2705,1324,48.946395563771,1355,632,46.642066420664,5269,73,457,88,0,2,6.8097902097902,3191,6036,6434,12470,76,56,52,1175,201,166,667,635,284,15,27,17,250,345,867,2030,45,4,480,161,338,142,157,162,161,661,4799,8460,7275,15735,69,721,298,1967,384,3771.95,7646,48103,38,0,"{'sportSlug': 'football', 'statisticsType': 'team'}"
6,Aston Villa,40,56,49,1,40,483,0,0,2,15,38,15,305,178,8,14,31,87,64,61,170,172,141,238,554,199,15,35,4,32,53.552631578947,17130,14614,85.312317571512,8426,7729,91.727984808925,8704,6885,79.1015625,1041,547,52.54562920269,604,135,22.350993377483,9,587,238,114,14,27,2,1,798,7,3,3508,1739,49.572405929304,2591,1280,49.401775376303,917,459,50.054525627045,4491,42,379,58,0,1,6.8137288135593,3009,6151,6190,12341,91,65,58,889,187,151,677,520,243,7,22,10,365,354,730,1628,110,2,490,150,323,167,173,167,150,702,4189,7961,6776,14737,90,604,310,1663,473,3799.37,6342,48146,38,0,"{'sportSlug': 'football', 'statisticsType': 'team'}"
7,Nottingham Forest,14,48,51,3,34,476,3,3,1,13,41,6,296,180,10,9,28,69,53,39,156,168,152,279,590,198,7,40,4,36,46.763157894737,15520,12739,82.08118556701,7024,6300,89.692482915718,8496,6439,75.788606403013,1322,620,46.898638426626,829,176,21.230398069964,9,644,302,109,10,29,6,5,973,5,10,3787,1876,49.537892791128,2636,1333,50.56904400607,1151,543,47.176368375326,4954,61,407,60,0,1,6.8064516129032,3774,7283,7662,14945,94,67,64,959,183,172,695,614,290,5,23,16,331,385,793,1854,35,1,506,167,334,172,178,163,165,635,5181,9472,8363,17835,67,684,311,1803,423,3907.13,6169,48369,38,0,"{'sportSlug': 'football', 'statisticsType': 'team'}"
8,Wolverhampton,3,27,68,4,18,370,3,5,0,19,20,6,238,132,5,4,17,54,41,36,123,154,93,257,532,129,14,21,3,19,42.815789473684,13821,10982,79.458794587946,6754,5970,88.392063962097,7067,5012,70.921182963068,1172,517,44.112627986348,698,198,28.36676217765,4,724,324,111,15,26,5,5,1100,4,12,3951,1948,49.30397367755,2744,1377,50.18221574344,1207,571,47.307373653687,4852,53,494,78,1,3,6.6769503546099,4129,8488,7589,16077,104,87,60,911,225,201,794,631,281,3,18,19,334,408,844,1764,51,3,529,145,350,179,205,179,145,615,5552,10600,8261,18861,63,700,319,1754,403,3994.3,6370,48283,38,0,"{'sportSlug': 'football', 'statisticsType': 'team'}"
9,Manchester City,17,77,35,0,57,594,3,4,0,13,66,8,429,165,9,39,26,120,94,74,205,215,174,409,824,244,18,42,9,33,60.5,22342,19776,88.514904663862,9149,8440,92.250519182424,13193,11336,85.924353823998,1128,596,52.836879432624,619,166,26.817447495961,16,547,302,92,6,25,2,1,820,3,9,3556,1857,52.221597300337,2702,1366,50.555144337528,854,491,57.494145199063,4539,44,368,67,0,0,7.0110307414105,2205,4576,7018,11594,78,54,56,895,145,116,496,447,193,12,27,14,336,250,816,1915,111,2,369,106,264,105,136,127,106,790,3390,6498,7815,14313,78,658,217,1753,413,4016.14,6794,48284,38,0,"{'sportSlug': 'football', 'statisticsType': 'team'}"
10,Fulham,43,47,51,3,26,484,5,5,1,13,33,10,326,158,8,20,15,61,41,37,140,187,157,231,486,187,10,28,2,25,51.710526315789,18017,15116,83.898540267525,9307,8442,90.705920275062,8710,6674,76.62456946039,1343,653,48.622486969471,692,175,25.28901734104,9,650,326,98,8,23,4,3,1010,4,11,3478,1784,51.293847038528,2380,1233,51.806722689076,1098,551,50.182149362477,4739,65,415,75,0,1,6.7989830508475,3225,6518,7588,14106,100,78,69,876,210,133,651,510,217,6,24,16,317,340,855,1940,99,4,448,129,310,138,171,149,128,548,4614,8645,8184,16829,63,726,321,1726,361,4122.9,8274,48176,38,0,"{'sportSlug': 'football', 'statisticsType': 'team'}"
11,West Ham United,37,46,65,3,31,404,3,3,0,5,36,8,296,108,11,14,18,72,51,46,142,146,116,264,547,187,9,48,7,43,42.526315789474,13978,11016,78.809557876663,6292,5595,88.922441195168,7686,5421,70.530835284934,1281,559,43.637782982045,638,140,21.943573667712,7,671,347,132,8,18,7,6,1102,8,4,3743,1886,50.387389794283,2566,1315,51.247077162899,1177,571,48.513169073917,4883,66,421,69,1,3,6.7681481481481,4200,8538,7776,16314,96,65,57,873,231,204,880,568,246,8,25,19,267,410,751,1631,43,0,566,164,390,176,207,195,164,615,5635,10672,8492,19164,75,687,330,1731,385,3783.13,6279,48174,38,0,"{'sportSlug': 'football', 'statisticsType': 'team'}"
12,Tottenham Hotspur,33,48,57,0,36,436,0,0,0,12,41,6,301,135,13,7,27,71,55,45,146,164,126,360,736,209,11,16,2,15,50.368421052632,15715,12829,81.63538020999,7788,6954,89.291217257319,7927,5875,74.113788318405,1240,563,45.403225806452,773,187,24.191461836999,9,743,319,93,14,32,3,3,1010,2,12,4163,2055,49.363439827048,2932,1476,50.341064120055,1231,579,47.034930950447,5194,58,462,100,1,4,6.7535776614311,3149,6427,6374,12801,79,60,51,1030,183,167,678,584,246,9,17,12,315,335,725,1819,67,1,467,125,316,151,190,152,125,770,4537,8633,7101,15734,70,728,303,1857,378,3846.88,7077,48171,38,0,"{'sportSlug': 'football', 'statisticsType': 'team'}"
13,Crystal Palace,7,41,51,2,23,442,8,8,0,6,37,3,323,119,11,8,21,98,70,66,142,169,131,154,370,159,18,37,0,37,45.921052631579,14920,11663,78.170241286863,7117,6291,88.393986230153,7803,5372,68.845315904139,1376,581,42.223837209302,609,142,23.316912972085,12,705,314,109,7,24,7,5,1279,5,12,3924,1938,49.388379204893,2410,1206,50.041493775934,1514,732,48.348745046235,5073,71,398,75,1,2,6.8029357798165,3139,7014,7789,14803,93,59,58,1192,199,176,708,633,308,4,26,10,313,298,859,1984,55,4,445,114,312,133,170,162,113,530,4761,9424,8495,17919,67,650,287,1775,356,3807.69,6990,48372,38,0,"{'sportSlug': 'football', 'statisticsType': 'team'}"
14,Manchester United,35,69,50,2,46,596,4,6,1,6,57,9,392,204,14,16,35,109,77,68,216,216,164,243,514,181,22,46,5,41,51.789473684211,17690,14659,82.866026003392,7877,7039,89.361432017265,9813,7620,77.652094160807,1218,643,52.791461412151,640,175,27.34375,8,693,325,92,5,23,4,4,949,3,8,3780,1943,51.402116402116,2552,1322,51.802507836991,1228,621,50.57003257329,4889,52,391,63,1,3,6.9109515260323,3451,6959,6432,13391,73,53,45,951,185,163,742,621,270,9,26,14,373,325,763,1864,63,5,441,140,298,143,161,141,139,586,4833,9239,7137,16376,76,654,277,1821,394,3795.74,6273,48427,38,0,"{'sportSlug': 'football', 'statisticsType': 'team'}"
15,Chelsea,38,58,52,1,39,509,7,8,3,22,50,7,337,172,10,24,23,102,75,57,166,177,166,273,592,226,18,45,5,39,57.736842105263,20535,17905,87.192598003409,10288,9541,92.739113530327,10247,8364,81.623889919001,1051,560,53.282588011418,680,142,20.882352941176,9,592,371,106,9,24,2,2,833,5,9,3554,1810,50.928531232414,2570,1303,50.700389105058,984,507,51.524390243902,4542,58,420,94,4,8,6.8482456140351,2852,5504,6748,12252,89,70,53,906,163,136,584,516,237,6,30,11,339,315,733,1790,54,3,415,105,295,120,150,160,105,630,4121,7501,7469,14970,83,604,242,1754,447,3754.19,6886,48371,38,0,"{'sportSlug': 'football', 'statisticsType': 'team'}"
16,Burnley,6,38,75,4,27,355,2,2,0,14,32,3,216,139,6,13,16,55,44,33,118,120,117,195,469,138,10,26,1,24,42.289473684211,14626,11568,79.092027895529,6977,6203,88.906406765085,7649,5365,70.139887567002,1307,541,41.392501912777,523,111,21.223709369025,4,637,343,137,11,22,8,7,1142,10,5,3662,1725,47.105406881486,2414,1151,47.680198840099,1248,574,45.99358974359,4981,57,395,65,1,3,6.6573630136986,4332,8719,8100,16819,115,82,65,950,226,225,825,594,290,6,15,19,323,468,768,1771,55,1,636,178,423,213,242,216,178,602,5825,10970,8874,19844,46,692,405,1731,334,4107.28,6917,48172,38,0,"{'sportSlug': 'football', 'statisticsType': 'team'}"
17,Everton,48,47,50,1,34,422,2,2,0,11,42,3,290,132,8,14,21,71,53,42,142,150,130,250,569,168,16,36,5,30,43.631578947368,14474,11535,79.694624844549,6133,5446,88.798304255666,8341,6089,73.00083922791,1095,450,41.095890410959,675,154,22.814814814815,11,702,311,100,9,25,4,3,1131,9,12,4187,2184,52.161452113685,2656,1349,50.790662650602,1531,835,54.539516655781,5059,52,411,73,1,4,6.8350282485876,3996,7879,8136,16015,93,71,57,1114,195,166,693,593,253,8,26,17,276,381,731,1830,41,0,532,172,356,176,202,158,172,673,5361,10008,8935,18943,61,724,307,1782,404,3812.66,5904,48670,38,0,"{'sportSlug': 'football', 'statisticsType': 'team'}"
18,Newcastle United,39,53,55,2,33,492,6,6,0,13,45,8,315,177,10,13,30,90,63,59,176,172,144,257,557,230,19,38,3,37,52.605263157895,17098,14224,83.191016493157,7725,7024,90.925566343042,9373,7200,76.816387495999,1296,634,48.91975308642,880,190,21.590909090909,8,550,277,114,7,28,5,5,1002,2,9,3753,1910,50.892619237943,2511,1238,49.303066507368,1242,672,54.106280193237,4984,49,386,65,2,3,6.8181019332162,3269,6596,5927,12523,82,59,49,1083,187,149,624,552,283,13,18,15,343,353,703,1997,44,2,470,137,310,160,165,168,137,641,4652,8881,6665,15546,91,693,299,1858,440,4081.74,7698,48147,38,0,"{'sportSlug': 'football', 'statisticsType': 'team'}"
19,Liverpool FC,44,63,53,0,44,589,1,2,4,18,54,7,384,205,7,14,39,100,80,64,175,223,191,304,618,232,18,57,7,51,59.210526315789,20188,17305,85.719239151971,8217,7469,90.896921017403,11971,9836,82.16523264556,1318,638,48.406676783005,765,169,22.091503267974,10,494,264,100,6,26,4,3,959,3,8,3478,1761,50.632547441058,2406,1178,48.960931005819,1072,583,54.384328358209,4923,76,383,57,0,1,6.8591800356506,2624,5060,5742,10802,85,64,53,1113,167,144,612,481,234,16,27,17,364,313,736,2034,59,5,435,122,286,149,161,153,121,632,4062,7285,6434,13719,78,735,269,1718,387,3986.04,8502,48102,38,0,"{'sportSlug': 'football', 'statisticsType': 'team'}"
