player,team,total_sca,direct_sca,secondary_sca,direct_pass_sca,direct_balltouch_sca,direct_foul_sca,direct_takeon_sca,direct_cornerawarded_sca,direct_savedshot_sca,direct_shotonpost_sca,direct_goodskill_sca,secondary_pass_sca,secondary_balltouch_sca,secondary_foul_sca,secondary_takeon_sca,secondary_cornerawarded_sca,secondary_savedshot_sca,secondary_shotonpost_sca,secondary_goodskill_sca
Aaron Hickey,Brentford,5,0,5,0,0,0,0,0,0,0,0,5,0,0,0,0,0,0,0
Aaron Ramsdale,Newcastle,3,1,2,1,0,0,0,0,0,0,0,2,0,0,0,0,0,0,0
Aaron Wan-Bissaka,West Ham,28,18,10,17,0,0,0,1,0,0,0,9,0,0,0,1,0,0,0
Abdukodir Khusanov,Man City,10,3,7,2,1,0,0,0,0,0,0,7,0,0,0,0,0,0,0
Adam Armstrong,Wolves,7,6,1,5,1,0,0,0,0,0,0,1,0,0,0,0,0,0,0
Adam Smith,Bournemouth,9,5,4,5,0,0,0,0,0,0,0,3,0,0,0,1,0,0,0
Adam Wharton,Crystal Palace,69,43,26,42,0,0,0,1,0,0,0,24,0,0,0,1,1,0,0
Adama Traoré,Fulham,7,3,4,3,0,0,0,0,0,0,0,1,0,0,0,3,0,0,0
Adama Traoré,West Ham,1,0,1,0,0,0,0,0,0,0,0,1,0,0,0,0,0,0,0
Adrien Truffert,Bournemouth,52,31,21,28,2,0,1,0,0,0,0,18,1,1,0,1,0,0,0
Alejandro Garnacho,Chelsea,44,28,16,26,0,1,1,0,0,0,0,14,1,0,0,1,0,0,0
Alex Iwobi,Fulham,75,48,27,44,1,0,3,0,0,0,0,27,0,0,0,0,0,0,0
Alex Scott,Bournemouth,53,25,28,20,0,5,0,0,0,0,0,26,1,0,0,1,0,0,0
Alex Tóth,Bournemouth,6,4,2,4,0,0,0,0,0,0,0,2,0,0,0,0,0,0,0
Alexander Isak,Liverpool,6,3,3,1,1,0,1,0,0,0,0,2,1,0,0,0,0,0,0
Alexis Mac Allister,Liverpool,65,40,25,35,0,3,2,0,0,0,0,23,1,1,0,0,0,0,0
Alisson Becker,Liverpool,2,0,2,0,0,0,0,0,0,0,0,2,0,0,0,0,0,0,0
Alphonse Areola,West Ham,2,1,1,1,0,0,0,0,0,0,0,1,0,0,0,0,0,0,0
Altay Bayindir,Man Utd,1,1,0,1,0,0,0,0,0,0,0,0,0,0,0,0,0,0,0
Alysson,Aston Villa,2,0,2,0,0,0,0,0,0,0,0,2,0,0,0,0,0,0,0
Amad Diallo,Man Utd,83,52,31,44,0,0,8,0,0,0,0,25,1,2,0,3,0,0,0
Amadou Onana,Aston Villa,21,7,14,6,1,0,0,0,0,0,0,13,0,0,0,1,0,0,0
Amine Adli,Bournemouth,27,15,12,13,1,1,0,0,0,0,0,12,0,0,0,0,0,0,0
Andrey Santos,Chelsea,20,7,13,7,0,0,0,0,0,0,0,12,0,0,0,1,0,0,0
André,Wolves,38,19,19,19,0,0,0,0,0,0,0,17,1,1,0,0,0,0,0
Andrés García,Aston Villa,1,0,1,0,0,0,0,0,0,0,0,1,0,0,0,0,0,0,0
Andy Irving,West Ham,3,3,0,3,0,0,0,0,0,0,0,0,0,0,0,0,0,0,0
Andy Robertson,Liverpool,36,21,15,20,0,0,1,0,0,0,0,15,0,0,0,0,0,0,0
Angel Gomes,Wolves,10,4,6,4,0,0,0,0,0,0,0,5,0,1,0,0,0,0,0
Anthony Elanga,Newcastle,31,15,16,14,0,0,1,0,0,0,0,14,0,0,0,2,0,0,0
Anthony Gordon,Newcastle,44,30,14,26,0,2,2,0,0,0,0,11,0,1,0,2,0,0,0
Antoine Semenyo,Bournemouth,46,29,17,25,0,0,4,0,0,0,0,16,0,0,0,1,0,0,0
Antoine Semenyo,Man City,26,16,10,12,0,0,4,0,0,0,0,9,0,0,0,1,0,0,0
Anton Stach,Leeds,83,62,21,58,2,0,1,1,0,0,0,20,1,0,0,0,0,0,0
Antonee Robinson,Fulham,40,22,18,20,0,1,1,0,0,0,0,15,0,0,0,3,0,0,0
Antoni Milambo,Brentford,1,0,1,0,0,0,0,0,0,0,0,1,0,0,0,0,0,0,0
Ao Tanaka,Leeds,29,21,8,20,0,0,1,0,0,0,0,6,0,0,0,2,0,0,0
Archie Gray,Tottenham,20,8,12,6,2,0,0,0,0,0,0,12,0,0,0,0,0,0,0
Armando Broja,Burnley,10,8,2,4,1,1,2,0,0,0,0,2,0,0,0,0,0,0,0
Arnaud Kalimuendo,Nottingham Forest,2,1,1,1,0,0,0,0,0,0,0,1,0,0,0,0,0,0,0
Arthur Masuaku,Sunderland,3,1,2,1,0,0,0,0,0,0,0,2,0,0,0,0,0,0,0
Axel Disasi,West Ham,3,1,2,1,0,0,0,0,0,0,0,2,0,0,0,0,0,0,0
Axel Tuanzebe,Burnley,4,0,4,0,0,0,0,0,0,0,0,4,0,0,0,0,0,0,0
Ayden Heaven,Man Utd,4,2,2,2,0,0,0,0,0,0,0,2,0,0,0,0,0,0,0
Bafodé Diakité,Bournemouth,7,3,4,2,1,0,0,0,0,0,0,4,0,0,0,0,0,0,0
Bart Verbruggen,Brighton,2,0,2,0,0,0,0,0,0,0,0,2,0,0,0,0,0,0,0
Bashir Humphreys,Burnley,22,7,15,6,1,0,0,0,0,0,0,15,0,0,0,0,0,0,0
Ben Davies,Tottenham,2,2,0,1,1,0,0,0,0,0,0,0,0,0,0,0,0,0,0
Ben Gannon-Doak,Bournemouth,3,1,2,1,0,0,0,0,0,0,0,2,0,0,0,0,0,0,0
Ben White,Arsenal,18,7,11,6,1,0,0,0,0,0,0,11,0,0,0,0,0,0,0
Bendito Mantato,Man Utd,1,1,0,1,0,0,0,0,0,0,0,0,0,0,0,0,0,0,0
Benjamin Sesko,Man Utd,23,13,10,9,0,0,3,0,0,1,0,10,0,0,0,0,0,0,0
Benoît Badiashile,Chelsea,1,0,1,0,0,0,0,0,0,0,0,1,0,0,0,0,0,0,0
Bernardo Silva,Man City,93,46,47,43,0,0,3,0,0,0,0,41,0,0,0,6,0,0,0
Bernd Leno,Fulham,2,1,1,1,0,0,0,0,0,0,0,1,0,0,0,0,0,0,0
Bertrand Traoré,Sunderland,12,9,3,7,0,0,2,0,0,0,0,3,0,0,0,0,0,0,0
Beto,Everton,20,13,7,6,6,0,1,0,0,0,0,5,0,2,0,0,0,0,0
Borna Sosa,Crystal Palace,3,2,1,2,0,0,0,0,0,0,0,0,1,0,0,0,0,0,0
Boubacar Kamara,Aston Villa,26,14,12,14,0,0,0,0,0,0,0,10,0,2,0,0,0,0,0
Brajan Gruda,Brighton,34,23,11,15,0,3,5,0,0,0,0,10,0,1,0,0,0,0,0
Brenden Aaronson,Leeds,57,38,19,28,5,2,3,0,0,0,0,11,3,2,0,3,0,0,0
Brennan Johnson,Crystal Palace,25,14,11,13,0,0,1,0,0,0,0,8,1,0,0,2,0,0,0
Brennan Johnson,Tottenham,8,6,2,6,0,0,0,0,0,0,0,1,0,0,0,1,0,0,0
Brian Brobbey,Sunderland,29,16,13,11,3,2,0,0,0,0,0,10,2,0,0,1,0,0,0
Bruno Fernandes,Man Utd,201,129,72,125,0,1,2,0,0,1,0,69,0,0,0,2,1,0,0
Bruno Guimarães,Newcastle,79,48,31,43,1,2,0,1,0,1,0,28,1,1,0,1,0,0,0
Bryan Mbeumo,Man Utd,83,50,33,46,1,1,2,0,0,0,0,27,1,1,0,4,0,0,0
Bukayo Saka,Arsenal,93,62,31,57,0,2,2,1,0,0,0,28,0,2,1,0,0,0,0
Callum Hudson-Odoi,Nottingham Forest,74,46,28,42,0,1,3,0,0,0,0,25,0,0,0,3,0,0,0
Callum Wilson,West Ham,21,11,10,5,1,0,5,0,0,0,0,6,1,0,0,3,0,0,0
Calvin Bassey,Fulham,18,9,9,7,1,0,1,0,0,0,0,8,0,0,0,0,1,0,0
Caoimhín Kelleher,Brentford,5,1,4,1,0,0,0,0,0,0,0,4,0,0,0,0,0,0,0
Carlos Baleba,Brighton,17,10,7,8,0,2,0,0,0,0,0,6,0,0,0,1,0,0,0
Casemiro,Man Utd,62,35,27,33,2,0,0,0,0,0,0,23,0,1,0,2,1,0,0
Chadi Riad,Crystal Palace,4,1,3,0,1,0,0,0,0,0,0,3,0,0,0,0,0,0,0
Charalampos Kostoulas,Brighton,10,8,2,6,1,0,1,0,0,0,0,0,0,0,0,2,0,0,0
Charly Alcaraz,Everton,14,10,4,8,0,1,1,0,0,0,0,3,0,0,0,1,0,0,0
Chemsdine Talbi,Sunderland,20,13,7,11,0,0,1,1,0,0,0,7,0,0,0,0,0,0,0
Chris Richards,Crystal Palace,20,11,9,11,0,0,0,0,0,0,0,5,0,0,0,4,0,0,0
Chris Rigg,Sunderland,11,9,2,5,2,0,0,2,0,0,0,1,0,0,1,0,0,0,0
Chris Wood,Nottingham Forest,11,7,4,6,0,0,1,0,0,0,0,3,0,0,0,1,0,0,0
Christantus Uche,Crystal Palace,2,0,2,0,0,0,0,0,0,0,0,0,0,0,0,2,0,0,0
Cody Gakpo,Liverpool,90,55,35,49,2,2,2,0,0,0,0,30,1,1,0,3,0,0,0
Cole Palmer,Chelsea,59,33,26,24,0,4,3,0,0,0,2,24,1,0,0,1,0,0,0
Conor Bradley,Liverpool,9,5,4,4,0,0,0,0,0,1,0,2,0,1,0,1,0,0,0
Conor Gallagher,Tottenham,26,14,12,13,0,1,0,0,0,0,0,11,0,0,0,1,0,0,0
Cristhian Mosquera,Arsenal,11,5,6,4,1,0,0,0,0,0,0,6,0,0,0,0,0,0,0
Cristian Romero,Tottenham,15,10,5,8,1,1,0,0,0,0,0,5,0,0,0,0,0,0,0
Crysencio Summerville,West Ham,62,33,29,26,1,2,3,0,0,0,1,18,3,3,0,4,0,1,0
Curtis Jones,Liverpool,42,17,25,17,0,0,0,0,0,0,0,23,0,0,0,2,0,0,0
Daichi Kamada,Crystal Palace,42,21,21,20,0,1,0,0,0,0,0,17,2,0,0,2,0,0,0
Dan Ballard,Sunderland,16,13,3,10,2,1,0,0,0,0,0,3,0,0,0,0,0,0,0
Dan Burn,Newcastle,17,9,8,5,2,1,0,1,0,0,0,7,0,0,0,1,0,0,0
Dan Ndoye,Nottingham Forest,23,16,7,14,1,0,1,0,0,0,0,6,0,0,0,1,0,0,0
Dango Ouattara,Brentford,49,36,13,26,0,4,5,0,0,1,0,8,0,2,0,3,0,0,0
Daniel James,Leeds,20,9,11,8,0,1,0,0,0,0,0,7,0,1,0,3,0,0,0
Daniel Muñoz,Crystal Palace,45,25,20,25,0,0,0,0,0,0,0,16,0,1,0,3,0,0,0
Danny Welbeck,Brighton,32,19,13,17,1,0,1,0,0,0,0,10,0,1,0,2,0,0,0
David Brooks,Bournemouth,46,33,13,28,0,1,3,1,0,0,0,11,1,0,0,1,0,0,0
David Møller Wolfe,Wolves,13,6,7,6,0,0,0,0,0,0,0,6,0,0,0,1,0,0,0
David Raya,Arsenal,5,3,2,3,0,0,0,0,0,0,0,2,0,0,0,0,0,0,0
Dean Henderson,Crystal Palace,2,1,1,1,0,0,0,0,0,0,0,1,0,0,0,0,0,0,0
Declan Rice,Arsenal,97,57,40,57,0,0,0,0,0,0,0,36,1,0,0,3,0,0,0
Dennis Cirkin,Sunderland,1,0,1,0,0,0,0,0,0,0,0,1,0,0,0,0,0,0,0
Destiny Udogie,Tottenham,24,13,11,12,0,0,1,0,0,0,0,10,1,0,0,0,0,0,0
Diego Coppola,Brighton,3,0,3,0,0,0,0,0,0,0,0,3,0,0,0,0,0,0,0
Diego Gómez,Brighton,41,19,22,18,0,0,1,0,0,0,0,19,1,0,0,2,0,0,0
Dilane Bakwa,Nottingham Forest,20,14,6,12,0,0,1,1,0,0,0,5,0,0,0,1,0,0,0
Diogo Dalot,Man Utd,50,26,24,26,0,0,0,0,0,0,0,19,0,2,0,3,0,0,0
Divine Mukasa,Man City,3,2,1,1,1,0,0,0,0,0,0,0,0,0,0,1,0,0,0
Djed Spence,Tottenham,33,12,21,9,0,0,3,0,0,0,0,16,1,0,0,4,0,0,0
Djordje Petrovic,Bournemouth,2,0,2,0,0,0,0,0,0,0,0,2,0,0,0,0,0,0,0
Dominic Calvert-Lewin,Leeds,44,28,16,19,2,2,3,0,0,2,0,11,0,2,0,3,0,0,0
Dominic Solanke,Tottenham,11,5,6,3,1,0,1,0,0,0,0,2,2,0,0,2,0,0,0
Dominik Szoboszlai,Liverpool,140,79,61,72,2,2,2,0,0,0,1,55,0,0,0,4,2,0,0
Donyell Malen,Aston Villa,18,12,6,6,1,0,4,0,0,1,0,5,1,0,0,0,0,0,0
Douglas Luiz,Aston Villa,25,13,12,13,0,0,0,0,0,0,0,11,1,0,0,0,0,0,0
Douglas Luiz,Nottingham Forest,9,6,3,6,0,0,0,0,0,0,0,3,0,0,0,0,0,0,0
Dwight McNeil,Everton,27,15,12,11,1,0,2,0,0,1,0,9,0,1,0,1,1,0,0
Eberechi Eze,Arsenal,37,19,18,15,0,0,4,0,0,0,0,13,0,1,0,4,0,0,0
Eberechi Eze,Crystal Palace,1,0,1,0,0,0,0,0,0,0,0,1,0,0,0,0,0,0,0
Eddie Nketiah,Crystal Palace,10,8,2,5,2,0,1,0,0,0,0,1,0,0,0,1,0,0,0
El Hadji Malick Diouf,West Ham,50,31,19,28,2,0,1,0,0,0,0,16,0,0,0,2,1,0,0
Eliezer Mayenda,Sunderland,8,6,2,4,1,0,1,0,0,0,0,0,0,0,0,2,0,0,0
Elliot Anderson,Nottingham Forest,113,57,56,50,1,3,3,0,0,0,0,54,1,1,0,0,0,0,0
Emile Smith Rowe,Fulham,34,17,17,16,0,0,1,0,0,0,0,16,1,0,0,0,0,0,0
Emiliano Buendía,Aston Villa,45,32,13,30,0,1,1,0,0,0,0,10,1,1,0,0,1,0,0
Emiliano Martínez,Aston Villa,6,2,4,2,0,0,0,0,0,0,0,4,0,0,0,0,0,0,0
Emmanuel Agbadou,Wolves,10,3,7,3,0,0,0,0,0,0,0,7,0,0,0,0,0,0,0
Enes Ünal,Bournemouth,6,5,1,1,1,2,1,0,0,0,0,1,0,0,0,0,0,0,0
Enzo Fernández,Chelsea,107,71,36,61,3,6,1,0,0,0,0,33,1,1,0,1,0,0,0
Enzo Le Fée,Sunderland,76,54,22,52,1,1,0,0,0,0,0,21,1,0,0,0,0,0,0
Erling Haaland,Man City,47,30,17,20,3,0,7,0,0,0,0,10,3,1,0,3,0,0,0
Estêvão,Chelsea,30,20,10,11,2,1,6,0,0,0,0,9,0,0,0,1,0,0,0
Ethan Ampadu,Leeds,48,23,25,19,1,2,1,0,0,0,0,22,1,0,0,2,0,0,0
Ethan Nwaneri,Arsenal,5,2,3,0,1,0,1,0,0,0,0,2,0,0,0,1,0,0,0
Evanilson,Bournemouth,50,35,15,28,3,3,1,0,0,0,0,11,0,3,0,1,0,0,0
Evann Guessand,Aston Villa,11,4,7,3,0,1,0,0,0,0,0,3,1,1,0,1,1,0,0
Evann Guessand,Crystal Palace,7,2,5,1,0,1,0,0,0,0,0,4,0,1,0,0,0,0,0
Ezra Mayers,West Ham,4,3,1,3,0,0,0,0,0,0,0,1,0,0,0,0,0,0,0
Ezri Konsa,Aston Villa,19,6,13,4,1,0,0,1,0,0,0,12,0,0,0,1,0,0,0
Fabian Schär,Newcastle,4,3,1,3,0,0,0,0,0,0,0,1,0,0,0,0,0,0,0
Facundo Buonanotte,Chelsea,2,2,0,2,0,0,0,0,0,0,0,0,0,0,0,0,0,0,0
Facundo Buonanotte,Leeds,2,1,1,1,0,0,0,0,0,0,0,0,0,0,0,1,0,0,0
Federico Chiesa,Liverpool,8,3,5,2,0,0,1,0,0,0,0,4,0,0,0,1,0,0,0
Fer López,Wolves,8,4,4,3,0,1,0,0,0,0,0,3,1,0,0,0,0,0,0
Ferdi Kadioglu,Brighton,63,25,38,22,1,0,1,0,0,1,0,36,0,0,0,2,0,0,0
Florentino,Burnley,22,12,10,12,0,0,0,0,0,0,0,9,1,0,0,0,0,0,0
Florian Wirtz,Liverpool,112,64,48,59,0,1,3,0,0,0,1,45,0,0,0,3,0,0,0
Frank Onyeka,Brentford,1,1,0,1,0,0,0,0,0,0,0,0,0,0,0,0,0,0,0
Freddie Potts,West Ham,16,8,8,7,0,1,0,0,0,0,0,7,0,0,0,0,1,0,0
Fábio Carvalho,Brentford,1,0,1,0,0,0,0,0,0,0,0,0,1,0,0,0,0,0,0
Gabriel Gudmundsson,Leeds,36,21,15,19,0,2,0,0,0,0,0,12,0,1,0,2,0,0,0
Gabriel Jesus,Arsenal,5,4,1,3,0,0,0,0,0,1,0,1,0,0,0,0,0,0,0
Gabriel Magalhães,Arsenal,18,8,10,4,2,1,0,0,0,1,0,10,0,0,0,0,0,0,0
Gabriel Martinelli,Arsenal,24,16,8,12,0,0,3,1,0,0,0,6,1,0,0,1,0,0,0
Georginio Rutter,Brighton,42,28,14,23,1,2,2,0,0,0,0,9,1,2,1,1,0,0,0
Gianluigi Donnarumma,Man City,3,1,2,1,0,0,0,0,0,0,0,2,0,0,0,0,0,0,0
Giorgi Mamardashvili,Liverpool,1,0,1,0,0,0,0,0,0,0,0,1,0,0,0,0,0,0,0
Granit Xhaka,Sunderland,73,32,41,31,1,0,0,0,0,0,0,40,0,0,0,1,0,0,0
Guglielmo Vicario,Tottenham,3,1,2,1,0,0,0,0,0,0,0,1,0,0,0,1,0,0,0
Guido Rodríguez,West Ham,1,0,1,0,0,0,0,0,0,0,0,1,0,0,0,0,0,0,0
Habib Diarra,Sunderland,18,7,11,5,0,0,2,0,0,0,0,8,0,1,0,2,0,0,0
Hamed Traoré,Bournemouth,1,1,0,1,0,0,0,0,0,0,0,0,0,0,0,0,0,0,0
Hannibal Mejbri,Burnley,29,18,11,16,0,1,1,0,0,0,0,10,0,0,0,1,0,0,0
Harrison Armstrong,Everton,12,5,7,4,0,1,0,0,0,0,0,7,0,0,0,0,0,0,0
Harrison Reed,Fulham,5,3,2,3,0,0,0,0,0,0,0,2,0,0,0,0,0,0,0
Harry Maguire,Man Utd,13,5,8,4,1,0,0,0,0,0,0,8,0,0,0,0,0,0,0
Harry Wilson,Fulham,66,40,26,37,0,1,2,0,0,0,0,23,2,0,0,1,0,0,0
Harvey Barnes,Newcastle,52,28,24,23,0,0,5,0,0,0,0,18,1,1,0,4,0,0,0
Harvey Elliott,Aston Villa,3,1,2,1,0,0,0,0,0,0,0,2,0,0,0,0,0,0,0
Hjalmar Ekdal,Burnley,6,3,3,3,0,0,0,0,0,0,0,2,1,0,0,0,0,0,0
Hugo Bueno,Wolves,59,38,21,37,1,0,0,0,0,0,0,19,0,1,0,1,0,0,0
Hugo Ekitiké,Liverpool,48,30,18,17,5,0,7,0,0,0,1,13,4,0,0,1,0,0,0
Hwang Hee-Chan,Wolves,27,16,11,15,1,0,0,0,0,0,0,9,0,1,0,1,0,0,0
Ian Maatsen,Aston Villa,40,29,11,24,0,1,3,1,0,0,0,9,0,0,0,2,0,0,0
Ibrahim Sangaré,Nottingham Forest,22,13,9,12,0,0,0,0,0,1,0,8,0,0,0,1,0,0,0
Ibrahima Konaté,Liverpool,21,8,13,7,1,0,0,0,0,0,0,13,0,0,0,0,0,0,0
Idrissa Gueye,Everton,36,15,21,13,0,2,0,0,0,0,0,18,0,1,0,2,0,0,0
Igor Jesus,Nottingham Forest,38,20,18,13,1,1,3,2,0,0,0,13,0,0,0,4,0,1,0
Igor Julio,West Ham,1,1,0,1,0,0,0,0,0,0,0,0,0,0,0,0,0,0,0
Igor Thiago,Brentford,46,27,19,19,3,0,5,0,0,0,0,15,0,0,0,4,0,0,0
Ilia Gruev,Leeds,16,11,5,10,0,1,0,0,0,0,0,3,1,0,0,0,1,0,0
Iliman Ndiaye,Everton,63,39,24,30,0,0,8,1,0,0,0,22,0,0,0,2,0,0,0
Ismaïla Sarr,Crystal Palace,36,21,15,17,2,1,0,1,0,0,0,11,1,1,0,2,0,0,0
Issa Diop,Fulham,1,0,1,0,0,0,0,0,0,0,0,1,0,0,0,0,0,0,0
Jack Fletcher,Man Utd,3,2,1,2,0,0,0,0,0,0,0,1,0,0,0,0,0,0,0
Jack Grealish,Everton,64,43,21,37,2,2,2,0,0,0,0,18,0,0,0,3,0,0,0
Jack Harrison,Leeds,6,1,5,1,0,0,0,0,0,0,0,4,0,0,0,1,0,0,0
Jack Hinshelwood,Brighton,33,17,16,15,1,1,0,0,0,0,0,13,0,1,0,2,0,0,0
Jackson Tchatchoua,Wolves,31,21,10,19,2,0,0,0,0,0,0,7,0,0,0,3,0,0,0
Jacob Bruun Larsen,Burnley,22,12,10,12,0,0,0,0,0,0,0,9,0,0,0,1,0,0,0
Jacob Murphy,Newcastle,45,28,17,22,0,0,5,1,0,0,0,11,0,0,0,6,0,0,0
Jacob Ramsey,Newcastle,35,22,13,22,0,0,0,0,0,0,0,12,0,0,0,1,0,0,0
Jadon Sancho,Aston Villa,29,22,7,21,0,0,1,0,0,0,0,6,0,0,0,1,0,0,0
Jaidon Anthony,Burnley,72,44,28,33,1,1,9,0,0,0,0,25,0,1,0,2,0,0,0
Jair Cunha,Nottingham Forest,3,1,2,1,0,0,0,0,0,0,0,2,0,0,0,0,0,0,0
Jaka Bijol,Leeds,11,5,6,4,1,0,0,0,0,0,0,4,2,0,0,0,0,0,0
Jake O'Brien,Everton,28,17,11,16,1,0,0,0,0,0,0,9,0,1,0,1,0,0,0
Jamaldeen Jimoh-Aloba,Aston Villa,1,0,1,0,0,0,0,0,0,0,0,1,0,0,0,0,0,0,0
James Garner,Everton,86,58,28,56,0,0,2,0,0,0,0,27,0,1,0,0,0,0,0
James Hill,Bournemouth,23,9,14,9,0,0,0,0,0,0,0,13,0,0,0,0,1,0,0
James Justin,Leeds,25,11,14,11,0,0,0,0,0,0,0,9,0,0,0,5,0,0,0
James Maddison,Tottenham,2,0,2,0,0,0,0,0,0,0,0,2,0,0,0,0,0,0,0
James McAtee,Nottingham Forest,7,6,1,6,0,0,0,0,0,0,0,0,0,0,0,1,0,0,0
James Milner,Brighton,14,6,8,6,0,0,0,0,0,0,0,8,0,0,0,0,0,0,0
James Tarkowski,Everton,24,18,6,17,1,0,0,0,0,0,0,5,0,0,0,0,1,0,0
James Ward-Prowse,Burnley,16,11,5,11,0,0,0,0,0,0,0,5,0,0,0,0,0,0,0
James Ward-Prowse,West Ham,15,12,3,11,0,1,0,0,0,0,0,3,0,0,0,0,0,0,0
Jamie Gittens,Chelsea,15,11,4,9,0,0,2,0,0,0,0,3,0,0,0,1,0,0,0
Jan Paul van Hecke,Brighton,31,13,18,11,2,0,0,0,0,0,0,18,0,0,0,0,0,0,0
Jarrad Branthwaite,Everton,7,3,4,2,0,1,0,0,0,0,0,2,0,0,0,2,0,0,0
Jarrod Bowen,West Ham,87,52,35,39,5,0,7,1,0,0,0,26,1,0,0,7,0,1,0
Jaydee Canvot,Crystal Palace,7,3,4,3,0,0,0,0,0,0,0,4,0,0,0,0,0,0,0
Jayden Bogle,Leeds,44,24,20,22,1,0,1,0,0,0,0,13,0,1,0,6,0,0,0
Jean-Clair Todibo,West Ham,6,3,3,3,0,0,0,0,0,0,0,3,0,0,0,0,0,0,0
Jean-Philippe Mateta,Crystal Palace,23,11,12,7,2,1,1,0,0,0,0,7,2,0,0,3,0,0,0
Jean-Ricner Bellegarde,Wolves,24,15,9,11,1,3,0,0,0,0,0,8,0,0,0,1,0,0,0
Jefferson Lerma,Crystal Palace,28,13,15,11,1,0,0,0,0,1,0,13,0,0,0,1,1,0,0
Jeremie Frimpong,Liverpool,32,15,17,13,0,0,2,0,0,0,0,11,0,2,0,4,0,0,0
Jesse Derry,Chelsea,1,0,1,0,0,0,0,0,0,0,0,1,0,0,0,0,0,0,0
Jhon Arias,Wolves,21,13,8,11,0,0,2,0,0,0,0,6,0,0,0,2,0,0,0
Joachim Andersen,Fulham,27,5,22,5,0,0,0,0,0,0,0,16,2,0,0,3,1,0,0
Jocelin Ta Bi,Sunderland,1,0,1,0,0,0,0,0,0,0,0,1,0,0,0,0,0,0,0
Joe Gomez,Liverpool,10,5,5,5,0,0,0,0,0,0,0,5,0,0,0,0,0,0,0
Joe Rodon,Leeds,18,9,9,7,2,0,0,0,0,0,0,3,2,1,0,3,0,0,0
Joe Willock,Newcastle,23,14,9,14,0,0,0,0,0,0,0,6,1,1,0,1,0,0,0
Joelinton,Newcastle,40,17,23,13,2,0,2,0,0,0,0,23,0,0,0,0,0,0,0
John McGinn,Aston Villa,64,42,22,42,0,0,0,0,0,0,0,17,0,0,0,5,0,0,0
John Stones,Man City,1,0,1,0,0,0,0,0,0,0,0,1,0,0,0,0,0,0,0
Jonah Kusi-Asare,Fulham,1,0,1,0,0,0,0,0,0,0,0,1,0,0,0,0,0,0,0
Jordan Henderson,Brentford,36,19,17,18,1,0,0,0,0,0,0,16,0,0,0,1,0,0,0
Jordan Pickford,Everton,5,2,3,2,0,0,0,0,0,0,0,3,0,0,0,0,0,0,0
Jorge Cuenca,Fulham,6,3,3,3,0,0,0,0,0,0,0,3,0,0,0,0,0,0,0
Jorrel Hato,Chelsea,16,8,8,7,1,0,0,0,0,0,0,8,0,0,0,0,0,0,0
Josh Acheampong,Chelsea,4,2,2,2,0,0,0,0,0,0,0,2,0,0,0,0,0,0,0
Josh Cullen,Burnley,24,15,9,14,0,1,0,0,0,0,0,9,0,0,0,0,0,0,0
Josh King,Fulham,33,20,13,12,1,3,4,0,0,0,0,10,1,1,0,1,0,0,0
Josh Laurent,Burnley,18,12,6,11,1,0,0,0,0,0,0,5,0,1,0,0,0,0,0
Joshua Zirkzee,Man Utd,21,11,10,8,2,0,1,0,0,0,0,10,0,0,0,0,0,0,0
Josko Gvardiol,Man City,15,5,10,4,0,0,1,0,0,0,0,10,0,0,0,0,0,0,0
José Sá,Wolves,1,1,0,1,0,0,0,0,0,0,0,0,0,0,0,0,0,0,0
João Gomes,Wolves,39,16,23,14,0,0,2,0,0,0,0,23,0,0,0,0,0,0,0
João Palhinha,Tottenham,25,10,15,5,2,0,1,0,0,1,1,11,0,0,0,3,1,0,0
João Pedro,Chelsea,57,33,24,20,6,3,4,0,0,0,0,18,1,3,0,2,0,0,0
Joël Piroe,Leeds,6,1,5,1,0,0,0,0,0,0,0,3,0,0,0,2,0,0,0
Joël Veltman,Brighton,14,3,11,3,0,0,0,0,0,0,0,10,0,0,0,1,0,0,0
Junior Kroupi,Bournemouth,34,20,14,19,1,0,0,0,0,0,0,12,0,0,0,2,0,0,0
Jurriën Timber,Arsenal,50,29,21,25,2,1,1,0,0,0,0,18,0,1,0,2,0,0,0
Justin Devenny,Crystal Palace,16,7,9,6,1,0,0,0,0,0,0,8,0,0,0,1,0,0,0
Justin Kluivert,Bournemouth,34,22,12,21,1,0,0,0,0,0,0,12,0,0,0,0,0,0,0
Jérémy Doku,Man City,110,73,37,56,1,3,11,1,0,1,0,31,0,0,0,6,0,0,0
Jørgen Strand Larsen,Crystal Palace,12,5,7,3,0,0,1,0,0,1,0,5,2,0,0,0,0,0,0
Jørgen Strand Larsen,Wolves,14,11,3,7,1,1,2,0,0,0,0,2,0,0,0,1,0,0,0
Kai Havertz,Arsenal,16,11,5,10,0,1,0,0,0,0,0,5,0,0,0,0,0,0,0
Kaoru Mitoma,Brighton,57,34,23,28,2,0,3,0,0,0,1,19,0,1,0,3,0,0,0
Karl Darlow,Leeds,3,0,3,0,0,0,0,0,0,0,0,3,0,0,0,0,0,0,0
Keane Lewis-Potter,Brentford,36,21,15,19,0,1,1,0,0,0,0,12,0,2,0,1,0,0,0
Kenny Tete,Fulham,24,14,10,11,0,1,2,0,0,0,0,9,0,0,0,1,0,0,0
Kepa Arrizabalaga,Arsenal,1,0,1,0,0,0,0,0,0,0,0,1,0,0,0,0,0,0,0
Kevin,Fulham,33,19,14,16,0,0,3,0,0,0,0,13,0,0,0,1,0,0,0
Kevin Danso,Tottenham,6,3,3,1,2,0,0,0,0,0,0,3,0,0,0,0,0,0,0
Kevin Schade,Brentford,45,28,17,23,3,0,1,0,0,1,0,9,2,1,0,4,1,0,0
Ki-Jana Hoever,Wolves,7,4,3,3,1,0,0,0,0,0,0,3,0,0,0,0,0,0,0
Kieran Trippier,Newcastle,48,27,21,27,0,0,0,0,0,0,0,21,0,0,0,0,0,0,0
Kiernan Dewsbury-Hall,Everton,66,40,26,36,0,1,2,1,0,0,0,21,0,1,0,4,0,0,0
Kobbie Mainoo,Man Utd,41,22,19,21,1,0,0,0,0,0,0,17,0,0,0,2,0,0,0
Konstantinos Mavropanos,West Ham,11,4,7,4,0,0,0,0,0,0,0,7,0,0,0,0,0,0,0
Kristoffer Ajer,Brentford,9,4,5,3,1,0,0,0,0,0,0,2,0,0,0,3,0,0,0
Kyle Walker,Burnley,33,13,20,13,0,0,0,0,0,0,0,19,0,0,0,1,0,0,0
Kyle Walker-Peters,West Ham,16,7,9,6,0,0,1,0,0,0,0,7,0,1,0,1,0,0,0
Ladislav Krejcí,Wolves,16,7,9,7,0,0,0,0,0,0,0,9,0,0,0,0,0,0,0
Lamare Bogarde,Aston Villa,7,2,5,2,0,0,0,0,0,0,0,4,0,1,0,0,0,0,0
Leandro Trossard,Arsenal,58,41,17,35,0,0,5,0,0,1,0,12,1,1,0,3,0,0,0
Leny Yoro,Man Utd,14,5,9,3,2,0,0,0,0,0,0,8,1,0,0,0,0,0,0
Leon Bailey,Aston Villa,16,12,4,11,0,1,0,0,0,0,0,4,0,0,0,0,0,0,0
Lesley Ugochukwu,Burnley,30,15,15,7,2,3,3,0,0,0,0,13,0,1,0,1,0,0,0
Levi Colwill,Chelsea,1,0,1,0,0,0,0,0,0,0,0,1,0,0,0,0,0,0,0
Lewis Cook,Bournemouth,19,10,9,10,0,0,0,0,0,0,0,9,0,0,0,0,0,0,0
Lewis Dunk,Brighton,22,7,15,5,1,1,0,0,0,0,0,15,0,0,0,0,0,0,0
Lewis Hall,Newcastle,58,31,27,26,0,1,3,1,0,0,0,26,0,0,0,1,0,0,0
Lewis Miley,Newcastle,30,14,16,13,1,0,0,0,0,0,0,16,0,0,0,0,0,0,0
Liam Delap,Chelsea,12,5,7,3,0,1,0,0,0,1,0,5,1,0,0,1,0,0,0
Lisandro Martínez,Man Utd,12,4,8,4,0,0,0,0,0,0,0,8,0,0,0,0,0,0,0
Lorenzo Lucca,Nottingham Forest,2,1,1,1,0,0,0,0,0,0,0,0,1,0,0,0,0,0,0
Loum Tchaouna,Burnley,22,13,9,11,0,1,1,0,0,0,0,9,0,0,0,0,0,0,0
Luca Netz,Nottingham Forest,3,2,1,2,0,0,0,0,0,0,0,1,0,0,0,0,0,0,0
Lucas Bergvall,Tottenham,11,4,7,3,1,0,0,0,0,0,0,4,1,0,0,2,0,0,0
Lucas Digne,Aston Villa,44,24,20,24,0,0,0,0,0,0,0,17,0,0,0,3,0,0,0
Lucas Paquetá,West Ham,31,20,11,19,0,0,1,0,0,0,0,10,0,0,0,1,0,0,0
Lucas Pires,Burnley,31,19,12,18,1,0,0,0,0,0,0,11,0,0,0,0,1,0,0
Lukas Nmecha,Leeds,22,12,10,11,0,0,1,0,0,0,0,8,0,1,0,1,0,0,0
Luke O'Nien,Sunderland,4,2,2,0,2,0,0,0,0,0,0,2,0,0,0,0,0,0,0
Luke Shaw,Man Utd,32,12,20,12,0,0,0,0,0,0,0,16,0,0,0,3,1,0,0
Lutsharel Geertruida,Sunderland,20,8,12,8,0,0,0,0,0,0,0,11,0,1,0,0,0,0,0
Luís Guilherme,West Ham,2,1,1,1,0,0,0,0,0,0,0,0,1,0,0,0,0,0,0
Lyle Foster,Burnley,19,12,7,7,3,1,1,0,0,0,0,5,0,0,0,2,0,0,0
Mads Hermansen,West Ham,6,3,3,2,1,0,0,0,0,0,0,2,0,0,0,1,0,0,0
Malick Thiaw,Newcastle,9,4,5,3,1,0,0,0,0,0,0,3,0,0,0,2,0,0,0
Malo Gusto,Chelsea,54,26,28,25,0,1,0,0,0,0,0,28,0,0,0,0,0,0,0
Manuel Ugarte,Man Utd,13,2,11,2,0,0,0,0,0,0,0,9,0,0,1,1,0,0,0
Marc Cucurella,Chelsea,57,35,22,30,4,1,0,0,0,0,0,18,0,0,0,2,2,0,0
Marc Guiu,Chelsea,5,3,2,3,0,0,0,0,0,0,0,2,0,0,0,0,0,0,0
Marc Guiu,Sunderland,1,0,1,0,0,0,0,0,0,0,0,1,0,0,0,0,0,0,0
Marc Guéhi,Crystal Palace,19,11,8,9,0,1,1,0,0,0,0,8,0,0,0,0,0,0,0
Marc Guéhi,Man City,20,8,12,7,1,0,0,0,0,0,0,12,0,0,0,0,0,0,0
Marco Bizot,Aston Villa,1,0,1,0,0,0,0,0,0,0,0,1,0,0,0,0,0,0,0
Marcos Senesi,Bournemouth,53,24,29,21,2,1,0,0,0,0,0,26,1,0,0,2,0,0,0
Marcus Edwards,Burnley,36,21,15,18,1,2,0,0,0,0,0,11,0,1,0,3,0,0,0
Marcus Tavernier,Bournemouth,89,54,35,49,0,1,4,0,0,0,0,33,0,0,0,2,0,0,0
Marshall Munetsi,Wolves,5,3,2,3,0,0,0,0,0,0,0,2,0,0,0,0,0,0,0
Martin Dúbravka,Burnley,1,0,1,0,0,0,0,0,0,0,0,1,0,0,0,0,0,0,0
Martin Ødegaard,Arsenal,61,40,21,38,0,0,2,0,0,0,0,18,0,1,0,2,0,0,0
Martín Zubimendi,Arsenal,43,19,24,16,2,0,1,0,0,0,0,24,0,0,0,0,0,0,0
Mason Mount,Man Utd,29,13,16,11,0,2,0,0,0,0,0,14,0,1,0,1,0,0,0
Mateo Kovacic,Man City,4,4,0,4,0,0,0,0,0,0,0,0,0,0,0,0,0,0,0
Mateus Fernandes,West Ham,66,40,26,36,0,1,1,1,0,1,0,24,0,0,0,2,0,0,0
Mateus Mané,Wolves,54,39,15,29,0,4,6,0,0,0,0,11,2,1,0,1,0,0,0
Matheus Cunha,Man Utd,82,36,46,26,4,0,6,0,0,0,0,33,0,4,0,8,0,1,0
Matheus Nunes,Man City,64,22,42,22,0,0,0,0,0,0,0,40,0,0,0,2,0,0,0
Mathias Jensen,Brentford,58,32,26,32,0,0,0,0,0,0,0,23,0,0,0,3,0,0,0
Mathys Tel,Tottenham,48,30,18,27,0,1,2,0,0,0,0,15,1,0,0,2,0,0,0
Mats Wieffer,Brighton,35,21,14,19,2,0,0,0,0,0,0,12,0,0,0,2,0,0,0
Matt Doherty,Wolves,4,4,0,3,0,1,0,0,0,0,0,0,0,0,0,0,0,0,0
Matt O'Riley,Brighton,3,3,0,3,0,0,0,0,0,0,0,0,0,0,0,0,0,0,0
Matthijs de Ligt,Man Utd,4,2,2,2,0,0,0,0,0,0,0,2,0,0,0,0,0,0,0
Matty Cash,Aston Villa,54,28,26,28,0,0,0,0,0,0,0,22,0,0,0,4,0,0,0
Matz Sels,Nottingham Forest,5,1,4,1,0,0,0,0,0,0,0,4,0,0,0,0,0,0,0
Max Alleyne,Man City,1,1,0,1,0,0,0,0,0,0,0,0,0,0,0,0,0,0,0
Max Dowman,Arsenal,12,7,5,4,0,1,2,0,0,0,0,5,0,0,0,0,0,0,0
Max Weiss,Burnley,1,0,1,0,0,0,0,0,0,0,0,1,0,0,0,0,0,0,0
Maxence Lacroix,Crystal Palace,19,8,11,5,3,0,0,0,0,0,0,8,2,0,0,1,0,0,0
Maxim De Cuyper,Brighton,41,33,8,32,0,1,0,0,0,0,0,8,0,0,0,0,0,0,0
Maxime Estève,Burnley,13,7,6,6,0,1,0,0,0,0,0,5,0,0,0,1,0,0,0
Maximilian Kilman,West Ham,5,4,1,4,0,0,0,0,0,0,0,1,0,0,0,0,0,0,0
Merlin Röhl,Everton,11,6,5,5,0,1,0,0,0,0,0,2,0,1,0,2,0,0,0
Michael Kayode,Brentford,58,34,24,34,0,0,0,0,0,0,0,17,0,1,0,5,1,0,0
Michael Keane,Everton,7,3,4,1,1,0,1,0,0,0,0,2,0,0,0,2,0,0,0
Micky van de Ven,Tottenham,11,4,7,1,3,0,0,0,0,0,0,6,0,0,0,0,1,0,0
Mike Trésor,Burnley,1,0,1,0,0,0,0,0,0,0,0,0,1,0,0,0,0,0,0
Mikel Merino,Arsenal,25,10,15,10,0,0,0,0,0,0,0,11,0,1,0,2,1,0,0
Mikkel Damsgaard,Brentford,67,45,22,42,0,1,2,0,0,0,0,20,0,0,0,2,0,0,0
Milos Kerkez,Liverpool,41,27,14,24,1,1,0,0,0,0,1,13,0,1,0,0,0,0,0
Mohamadou Kanté,West Ham,1,1,0,1,0,0,0,0,0,0,0,0,0,0,0,0,0,0,0
Mohamed Salah,Liverpool,83,52,31,45,3,0,2,1,0,1,0,23,3,0,0,5,0,0,0
Mohammed Kudus,Tottenham,39,23,16,21,0,0,2,0,0,0,0,12,1,1,0,2,0,0,0
Moisés Caicedo,Chelsea,48,15,33,15,0,0,0,0,0,0,0,30,2,0,0,0,1,0,0
Morato,Nottingham Forest,4,1,3,1,0,0,0,0,0,0,0,3,0,0,0,0,0,0,0
Morgan Gibbs-White,Nottingham Forest,90,53,37,46,1,2,4,0,0,0,0,31,0,1,0,5,0,0,0
Morgan Rogers,Aston Villa,91,52,39,40,5,2,5,0,0,0,0,33,0,3,0,3,0,0,0
Murillo,Nottingham Forest,22,9,13,9,0,0,0,0,0,0,0,12,1,0,0,0,0,0,0
Myles Lewis-Skelly,Arsenal,10,4,6,2,1,0,1,0,0,0,0,6,0,0,0,0,0,0,0
Nathan Aké,Man City,9,4,5,4,0,0,0,0,0,0,0,5,0,0,0,0,0,0,0
Nathan Collins,Brentford,20,12,8,8,4,0,0,0,0,0,0,7,0,0,0,1,0,0,0
Nathan Patterson,Everton,2,0,2,0,0,0,0,0,0,0,0,2,0,0,0,0,0,0,0
Nathaniel Clyne,Crystal Palace,7,4,3,3,0,0,1,0,0,0,0,3,0,0,0,0,0,0,0
Nayef Aguerd,West Ham,1,0,1,0,0,0,0,0,0,0,0,1,0,0,0,0,0,0,0
Neco Williams,Nottingham Forest,63,34,29,31,0,1,2,0,0,0,0,25,0,1,0,3,0,0,0
Nick Pope,Newcastle,1,0,1,0,0,0,0,0,0,0,0,1,0,0,0,0,0,0,0
Nick Woltemade,Newcastle,32,21,11,17,3,0,1,0,0,0,0,9,0,0,0,1,0,1,0
Niclas Füllkrug,West Ham,8,7,1,5,2,0,0,0,0,0,0,1,0,0,0,0,0,0,0
Nico González,Man City,30,12,18,11,0,1,0,0,0,0,0,17,0,0,0,1,0,0,0
Nico O'Reilly,Man City,45,24,21,17,5,0,2,0,0,0,0,18,0,0,0,3,0,0,0
Nicolás Domínguez,Nottingham Forest,18,10,8,10,0,0,0,0,0,0,0,7,0,0,0,0,1,0,0
Nicolò Savona,Nottingham Forest,11,7,4,7,0,0,0,0,0,0,0,2,1,0,0,1,0,0,0
Nikola Milenkovic,Nottingham Forest,13,3,10,2,1,0,0,0,0,0,0,9,1,0,0,0,0,0,0
Nilson Angulo,Sunderland,11,6,5,3,1,0,2,0,0,0,0,3,0,0,0,2,0,0,0
Noah Okafor,Leeds,38,18,20,16,2,0,0,0,0,0,0,12,1,1,0,5,1,0,0
Noah Sadiki,Sunderland,37,20,17,18,0,1,1,0,0,0,0,15,0,1,0,1,0,0,0
Noni Madueke,Arsenal,39,25,14,21,0,0,3,1,0,0,0,13,0,0,0,1,0,0,0
Nordi Mukiele,Sunderland,46,24,22,22,0,1,1,0,0,0,0,16,1,0,0,4,1,0,0
Noussair Mazraoui,Man Utd,19,8,11,7,0,0,1,0,0,0,0,9,0,1,0,1,0,0,0
Ola Aina,Nottingham Forest,18,8,10,7,1,0,0,0,0,0,0,9,0,0,0,1,0,0,0
Oleksandr Zinchenko,Nottingham Forest,10,4,6,4,0,0,0,0,0,0,0,6,0,0,0,0,0,0,0
Oliver Sonne,Burnley,3,1,2,1,0,0,0,0,0,0,0,2,0,0,0,0,0,0,0
Olivier Boscagli,Brighton,16,4,12,4,0,0,0,0,0,0,0,12,0,0,0,0,0,0,0
Ollie Scarles,West Ham,13,6,7,4,0,1,1,0,0,0,0,7,0,0,0,0,0,0,0
Ollie Watkins,Aston Villa,51,32,19,17,6,1,6,0,0,1,1,12,2,1,0,4,0,0,0
Omar Alderete,Sunderland,16,10,6,6,3,0,1,0,0,0,0,5,1,0,0,0,0,0,0
Omar Marmoush,Man City,19,14,5,9,2,2,1,0,0,0,0,3,1,1,0,0,0,0,0
Omari Hutchinson,Nottingham Forest,58,35,23,29,0,1,5,0,0,0,0,21,1,0,0,1,0,0,0
Oscar Bobb,Fulham,21,11,10,10,0,0,0,0,0,0,1,9,0,1,0,0,0,0,0
Oscar Bobb,Man City,19,13,6,11,0,0,2,0,0,0,0,6,0,0,0,0,0,0,0
Pablo,West Ham,21,13,8,9,3,0,0,0,0,0,1,4,1,0,0,2,1,0,0
Pape Matar Sarr,Tottenham,24,9,15,8,0,0,1,0,0,0,0,11,3,1,0,0,0,0,0
Pascal Groß,Brighton,56,40,16,40,0,0,0,0,0,0,0,15,0,0,0,1,0,0,0
Pascal Struijk,Leeds,21,11,10,11,0,0,0,0,0,0,0,8,0,0,0,2,0,0,0
Patrick Dorgu,Man Utd,41,27,14,25,0,0,2,0,0,0,0,10,0,0,0,4,0,0,0
Pau Torres,Aston Villa,11,2,9,2,0,0,0,0,0,0,0,9,0,0,0,0,0,0,0
Pedro Lima,Wolves,5,3,2,3,0,0,0,0,0,0,0,0,0,0,0,2,0,0,0
Pedro Neto,Chelsea,89,55,34,48,0,1,4,1,0,0,1,32,0,0,0,2,0,0,0
Pedro Porro,Tottenham,88,55,33,54,1,0,0,0,0,0,0,28,0,0,0,5,0,0,0
Phil Foden,Man City,94,59,35,50,1,2,6,0,0,0,0,30,3,1,0,1,0,0,0
Piero Hincapié,Arsenal,25,11,14,9,2,0,0,0,0,0,0,12,0,0,0,2,0,0,0
Quilindschy Hartman,Burnley,29,21,8,20,0,0,0,0,0,0,1,7,0,0,0,1,0,0,0
Radu Dragusin,Tottenham,2,0,2,0,0,0,0,0,0,0,0,2,0,0,0,0,0,0,0
Randal Kolo Muani,Tottenham,32,21,11,17,3,0,1,0,0,0,0,9,0,0,0,2,0,0,0
Rayan,Bournemouth,29,17,12,13,1,0,2,1,0,0,0,9,0,0,0,2,1,0,0
Rayan Aït-Nouri,Man City,23,12,11,11,0,0,1,0,0,0,0,10,0,0,0,1,0,0,0
Rayan Cherki,Man City,93,61,32,55,0,0,6,0,0,0,0,29,0,0,0,2,1,0,0
Raúl Jiménez,Fulham,39,25,14,20,2,1,2,0,0,0,0,10,0,0,0,3,1,0,0
Reece James,Chelsea,43,25,18,22,0,2,1,0,0,0,0,18,0,0,0,0,0,0,0
Reinildo Mandava,Sunderland,11,7,4,5,0,1,1,0,0,0,0,4,0,0,0,0,0,0,0
Reiss Nelson,Brentford,6,2,4,2,0,0,0,0,0,0,0,4,0,0,0,0,0,0,0
Riccardo Calafiori,Arsenal,32,10,22,6,1,0,3,0,0,0,0,14,2,1,0,4,1,0,0
Richarlison,Tottenham,28,22,6,13,6,1,2,0,0,0,0,1,1,0,0,3,1,0,0
Rico Henry,Brentford,12,6,6,4,1,1,0,0,0,0,0,5,0,0,0,1,0,0,0
Rico Lewis,Man City,14,7,7,6,1,0,0,0,0,0,0,6,1,0,0,0,0,0,0
Rio Cardines,Crystal Palace,2,2,0,2,0,0,0,0,0,0,0,0,0,0,0,0,0,0,0
Rio Ngumoha,Liverpool,25,16,9,15,0,0,0,0,0,1,0,8,0,1,0,0,0,0,0
Robert Sánchez,Chelsea,6,4,2,4,0,0,0,0,0,0,0,2,0,0,0,0,0,0,0
Robin Roefs,Sunderland,8,3,5,3,0,0,0,0,0,0,0,5,0,0,0,0,0,0,0
Rodri,Man City,43,28,15,25,0,2,0,0,0,1,0,15,0,0,0,0,0,0,0
Rodrigo Bentancur,Tottenham,24,10,14,9,1,0,0,0,0,0,0,14,0,0,0,0,0,0,0
Rodrigo Gomes,Wolves,14,7,7,3,0,1,3,0,0,0,0,4,0,0,0,3,0,0,0
Rodrigo Muniz,Fulham,12,7,5,2,4,1,0,0,0,0,0,5,0,0,0,0,0,0,0
Romaine Mundle,Sunderland,5,2,3,1,0,0,1,0,0,0,0,1,1,1,0,0,0,0,0
Romelle Donovan,Brentford,2,2,0,1,0,1,0,0,0,0,0,0,0,0,0,0,0,0,0
Roméo Lavia,Chelsea,6,1,5,1,0,0,0,0,0,0,0,5,0,0,0,0,0,0,0
Ross Barkley,Aston Villa,22,11,11,9,0,1,1,0,0,0,0,9,0,1,0,1,0,0,0
Ryan Christie,Bournemouth,25,12,13,8,2,1,1,0,0,0,0,13,0,0,0,0,0,0,0
Ryan Gravenberch,Liverpool,73,35,38,26,1,4,4,0,0,0,0,31,1,3,0,3,0,0,0
Ryan Sessegnon,Fulham,30,14,16,14,0,0,0,0,0,0,0,13,1,0,0,2,0,0,0
Ryan Yates,Nottingham Forest,11,5,6,5,0,0,0,0,0,0,0,6,0,0,0,0,0,0,0
Rúben Dias,Man City,13,5,8,5,0,0,0,0,0,0,0,8,0,0,0,0,0,0,0
Sam Johnstone,Wolves,2,1,1,0,1,0,0,0,0,0,0,1,0,0,0,0,0,0,0
Samuel Chukwueze,Fulham,46,29,17,24,1,0,3,0,0,1,0,13,0,1,0,3,0,0,0
Sander Berge,Fulham,50,25,25,22,2,0,1,0,0,0,0,24,0,0,0,1,0,0,0
Sandro Tonali,Newcastle,51,30,21,29,0,0,1,0,0,0,0,19,0,1,0,1,0,0,0
Santiago Bueno,Wolves,22,12,10,9,1,2,0,0,0,0,0,9,0,0,0,1,0,0,0
Sasa Lukic,Fulham,41,25,16,24,1,0,0,0,0,0,0,14,0,2,0,0,0,0,0
Sean Longstaff,Leeds,32,25,7,24,1,0,0,0,0,0,0,6,1,0,0,0,0,0,0
Sebastiaan Bornauw,Leeds,1,0,1,0,0,0,0,0,0,0,0,0,0,0,0,1,0,0,0
Senne Lammens,Man Utd,4,0,4,0,0,0,0,0,0,0,0,4,0,0,0,0,0,0,0
Sepp van den Berg,Brentford,14,6,8,5,1,0,0,0,0,0,0,8,0,0,0,0,0,0,0
Shea Lacey,Man Utd,2,1,1,0,0,0,1,0,0,0,0,0,0,0,0,0,0,1,0
Simon Adingra,Sunderland,13,6,7,6,0,0,0,0,0,0,0,4,0,0,0,3,0,0,0
Solly March,Brighton,1,0,1,0,0,0,0,0,0,0,0,1,0,0,0,0,0,0,0
Soungoutou Magassa,West Ham,8,4,4,4,0,0,0,0,0,0,0,4,0,0,0,0,0,0,0
Souza,Tottenham,4,3,1,2,1,0,0,0,0,0,0,1,0,0,0,0,0,0,0
Stefanos Tzimas,Brighton,5,4,1,3,1,0,0,0,0,0,0,0,0,0,0,0,1,0,0
Sven Botman,Newcastle,10,7,3,5,2,0,0,0,0,0,0,2,1,0,0,0,0,0,0
Sávio,Man City,29,11,18,9,0,0,2,0,0,0,0,14,0,1,0,3,0,0,0
Séamus Coleman,Everton,1,1,0,1,0,0,0,0,0,0,0,0,0,0,0,0,0,0,0
Taiwo Awoniyi,Nottingham Forest,7,6,1,4,1,0,1,0,0,0,0,0,0,0,0,1,0,0,0
Tammy Abraham,Aston Villa,6,4,2,3,0,0,1,0,0,0,0,1,0,0,0,1,0,0,0
Thierno Barry,Everton,18,12,6,8,3,0,1,0,0,0,0,3,1,0,0,2,0,0,0
Tijjani Reijnders,Man City,45,19,26,16,0,1,1,1,0,0,0,21,0,0,0,5,0,0,0
Tim Iroegbunam,Everton,24,10,14,6,1,1,2,0,0,0,0,13,0,1,0,0,0,0,0
Timothy Castagne,Fulham,34,18,16,17,0,1,0,0,0,0,0,13,1,0,0,2,0,0,0
Tino Livramento,Newcastle,24,9,15,9,0,0,0,0,0,0,0,15,0,0,0,0,0,0,0
Tolu Arokodare,Wolves,21,13,8,9,3,0,1,0,0,0,0,5,1,0,0,2,0,0,0
Tom Cairney,Fulham,19,10,9,10,0,0,0,0,0,0,0,9,0,0,0,0,0,0,0
Tomás Soucek,West Ham,27,12,15,9,3,0,0,0,0,0,0,12,0,1,0,2,0,0,0
Tosin Adarabioyo,Chelsea,3,0,3,0,0,0,0,0,0,0,0,3,0,0,0,0,0,0,0
Toti Gomes,Wolves,9,6,3,6,0,0,0,0,0,0,0,3,0,0,0,0,0,0,0
Trai Hume,Sunderland,38,25,13,24,1,0,0,0,0,0,0,13,0,0,0,0,0,0,0
Trevoh Chalobah,Chelsea,16,5,11,5,0,0,0,0,0,0,0,9,0,0,0,2,0,0,0
Trey Nyoni,Liverpool,3,1,2,1,0,0,0,0,0,0,0,2,0,0,0,0,0,0,0
Tyler Adams,Bournemouth,14,7,7,5,2,0,0,0,0,0,0,7,0,0,0,0,0,0,0
Tyler Dibling,Everton,9,5,4,4,0,0,1,0,0,0,0,4,0,0,0,0,0,0,0
Tyrell Malacia,Man Utd,1,0,1,0,0,0,0,0,0,0,0,1,0,0,0,0,0,0,0
Tyrick Mitchell,Crystal Palace,55,30,25,28,0,0,2,0,0,0,0,21,0,1,0,3,0,0,0
Tyrique George,Chelsea,3,0,3,0,0,0,0,0,0,0,0,2,0,0,0,1,0,0,0
Tyrique George,Everton,7,3,4,3,0,0,0,0,0,0,0,3,1,0,0,0,0,0,0
Tyrone Mings,Aston Villa,10,5,5,5,0,0,0,0,0,0,0,5,0,0,0,0,0,0,0
Valentín Castellanos,West Ham,21,12,9,12,0,0,0,0,0,0,0,5,0,1,0,3,0,0,0
Veljko Milosavljevic,Bournemouth,2,1,1,1,0,0,0,0,0,0,0,1,0,0,0,0,0,0,0
Victor Lindelöf,Aston Villa,3,1,2,1,0,0,0,0,0,0,0,2,0,0,0,0,0,0,0
Viktor Gyökeres,Arsenal,41,21,20,15,2,1,2,1,0,0,0,11,2,2,0,5,0,0,0
Virgil van Dijk,Liverpool,33,10,23,8,2,0,0,0,0,0,0,21,1,0,0,0,1,0,0
Vitalii Mykolenko,Everton,46,19,27,18,1,0,0,0,0,0,0,26,0,1,0,0,0,0,0
Vitaly Janelt,Brentford,27,18,9,18,0,0,0,0,0,0,0,7,0,0,0,2,0,0,0
Wataru Endo,Liverpool,1,1,0,1,0,0,0,0,0,0,0,0,0,0,0,0,0,0,0
Wesley Fofana,Chelsea,8,4,4,2,1,1,0,0,0,0,0,4,0,0,0,0,0,0,0
Wilfried Gnonto,Leeds,19,11,8,8,1,1,1,0,0,0,0,7,0,0,0,1,0,0,0
Will Hughes,Crystal Palace,35,23,12,21,0,1,1,0,0,0,0,11,0,1,0,0,0,0,0
William Osula,Newcastle,16,9,7,3,3,1,2,0,0,0,0,6,0,0,0,1,0,0,0
William Saliba,Arsenal,26,11,15,9,2,0,0,0,0,0,0,15,0,0,0,0,0,0,0
Wilson Isidor,Sunderland,12,6,6,0,0,1,5,0,0,0,0,6,0,0,0,0,0,0,0
Wilson Odobert,Tottenham,35,17,18,15,0,0,2,0,0,0,0,17,0,0,0,0,1,0,0
Xavi Simons,Tottenham,58,43,15,35,1,3,2,1,0,1,0,12,0,1,0,1,1,0,0
Yankuba Minteh,Brighton,75,51,24,41,3,1,6,0,0,0,0,18,1,0,0,5,0,0,0
Yasin Ayari,Brighton,35,18,17,13,2,1,1,0,0,1,0,16,0,0,0,1,0,0,0
Yehor Yarmoliuk,Brentford,26,14,12,14,0,0,0,0,0,0,0,10,2,0,0,0,0,0,0
Yerson Mosquera,Wolves,22,9,13,9,0,0,0,0,0,0,0,9,1,1,0,2,0,0,0
Yoane Wissa,Newcastle,7,3,4,1,2,0,0,0,0,0,0,4,0,0,0,0,0,0,0
Youri Tielemans,Aston Villa,50,26,24,26,0,0,0,0,0,0,0,22,0,0,0,1,1,0,0
Yves Bissouma,Tottenham,3,0,3,0,0,0,0,0,0,0,0,3,0,0,0,0,0,0,0
Yéremy Pino,Crystal Palace,68,48,20,47,0,1,0,0,0,0,0,16,0,0,1,2,1,0,0
Zach Abbott,Nottingham Forest,1,0,1,0,0,0,0,0,0,0,0,1,0,0,0,0,0,0,0
Zeki Amdouni,Burnley,1,0,1,0,0,0,0,0,0,0,0,1,0,0,0,0,0,0,0
Zian Flemming,Burnley,23,10,13,6,1,1,2,0,0,0,0,9,1,0,0,3,0,0,0
Álex Jiménez,Bournemouth,34,14,20,12,0,0,1,1,0,0,0,18,0,0,0,2,0,0,0
