playerName,playerId,teamName,teamId,primaryPosition,positionGroup,minutesPlayed,PEA,PEA/90,adjPEA/90,CC,CC/90,adjCC/90,usageRate,chanceInvolvement,RCE,assists,expectedAssists,goals,expectedGoals,marketValue
Bruno Fernandes,288205,Manchester United,35,AM,Midfielder,3066,491,14.41,13.91,158,4.64,4.48,0.131,0.315,2.405,21,12.32,9,10.83,32000000.0
Declan Rice,856714,Arsenal,42,MC,Midfielder,3099,343,9.96,8.87,69,2.0,1.78,0.095,0.151,1.589,5,6.96,4,3.17,114000000.0
Bruno Guimarães,866469,Newcastle United,39,MC,Midfielder,2455,319,11.69,11.11,51,1.87,1.78,0.088,0.131,1.489,5,4.98,9,5.6,72000000.0
Rodri,827606,Manchester City,17,DM,Midfielder,1513,195,11.6,9.59,25,1.49,1.23,0.047,0.046,0.979,0,2.59,1,1.13,50000000.0
Jérémy Doku,934386,Manchester City,17,LW,Winger,1784,284,14.33,11.84,65,3.28,2.71,0.069,0.119,1.725,5,6.18,5,2.75,70000000.0
Elliot Anderson,994546,Nottingham Forest,14,MC,Midfielder,3334,493,13.31,14.23,59,1.59,1.7,0.143,0.156,1.091,4,4.79,4,2.9,100000000.0
Granit Xhaka,117777,Sunderland,41,MC,Midfielder,2903,346,10.73,11.96,40,1.24,1.38,0.104,0.137,1.317,6,3.71,1,1.02,8500000.0
Erling Haaland,839956,Manchester City,17,ST,Striker,2958,296,9.01,7.45,33,1.0,0.83,0.072,0.061,0.847,8,2.85,27,25.43,240000000.0
Marc Guéhi,877994,Manchester City,17,DC,Centerback,3150,293,8.37,6.92,21,0.6,0.5,0.071,0.039,0.549,3,2.32,3,4.12,66000000.0
Gabriel Magalhães,869792,Arsenal,42,DC,Centerback,2751,237,7.75,6.9,11,0.36,0.32,0.066,0.024,0.364,4,1.82,3,2.93,70000000.0
Virgil van Dijk,151545,Liverpool FC,44,DC,Centerback,3420,338,8.89,7.51,12,0.32,0.27,0.089,0.024,0.27,0,1.35,6,3.77,15500000.0
Marcos Senesi,830659,Bournemouth,60,DC,Centerback,3290,552,15.1,15.05,29,0.79,0.79,0.148,0.078,0.527,5,4.67,0,1.52,23000000.0
Jan Paul van Hecke,962012,Brighton & Hove Albion,30,DC,Centerback,3211,354,9.92,9.17,16,0.45,0.42,0.096,0.04,0.417,3,1.62,3,3.3,65000000.0
Bukayo Saka,934235,Arsenal,42,RW,Winger,2225,334,13.51,12.03,68,2.75,2.45,0.092,0.148,1.609,5,7.16,7,7.55,115000000.0
Jack Grealish,189061,Everton,48,LW,Winger,1631,181,9.99,11.45,46,2.54,2.91,0.052,0.132,2.538,6,3.57,2,2.15,21000000.0
James Garner,927361,Everton,48,MC,Midfielder,3414,305,8.04,9.21,63,1.66,1.9,0.087,0.181,2.08,7,5.95,2,2.03,48000000.0
Casemiro,122951,Manchester United,35,MC,Midfielder,2593,374,12.98,12.53,38,1.32,1.27,0.1,0.076,0.76,2,3.12,9,5.52,5500000.0
Rayan Cherki,979128,Manchester City,17,AM,Midfielder,1794,317,15.9,13.14,73,3.66,3.02,0.077,0.134,1.74,12,8.65,4,4.13,98000000.0
Youri Tielemans,331737,Aston Villa,40,MC,Midfielder,1862,215,10.39,9.7,36,1.74,1.62,0.065,0.089,1.369,4,3.33,0,1.17,43000000.0
Mateus Fernandes,1142562,West Ham United,37,MC,Midfielder,3024,276,8.21,9.65,41,1.22,1.43,0.08,0.132,1.65,4,2.97,3,2.0,49000000.0
Reece James,885908,Chelsea,38,DR,Fullback,1961,192,8.81,7.63,31,1.42,1.23,0.059,0.074,1.254,4,3.19,2,1.04,63000000.0
Rúben Dias,318941,Manchester City,17,DC,Centerback,2149,139,5.82,4.81,7,0.29,0.24,0.034,0.013,0.382,0,0.64,2,0.56,60000000.0
Dominik Szoboszlai,869856,Liverpool FC,44,AM,Midfielder,3233,390,10.86,9.17,85,2.37,2.0,0.102,0.168,1.647,7,6.81,6,4.85,91000000.0
Kiernan Dewsbury-Hall,861970,Everton,48,MC,Midfielder,2635,291,9.94,11.39,41,1.4,1.6,0.083,0.117,1.41,4,5.38,8,4.31,38000000.0
Moisés Caicedo,987650,Chelsea,38,MC,Midfielder,2802,229,7.36,6.37,20,0.64,0.55,0.07,0.048,0.686,1,2.38,3,1.44,104000000.0
Enzo Fernández,974505,Chelsea,38,MC,Midfielder,3121,433,12.49,10.82,73,2.11,1.83,0.132,0.175,1.326,4,7.25,10,11.29,97000000.0
James Tarkowski,145188,Everton,48,DC,Centerback,3330,328,8.86,10.15,22,0.59,0.68,0.094,0.063,0.67,3,2.07,2,2.75,5200000.0
Anton Stach,889861,Leeds United,34,MC,Midfielder,2378,316,11.96,13.07,66,2.5,2.73,0.088,0.188,2.136,3,4.51,5,2.92,27000000.0
Ethan Ampadu,847097,Leeds United,34,MC,Midfielder,3123,292,8.41,9.19,21,0.61,0.67,0.082,0.06,0.732,1,2.25,1,2.5,28000000.0
Boubacar Kamara,826204,Aston Villa,40,MC,Midfielder,1418,135,8.57,8.0,18,1.14,1.06,0.041,0.044,1.073,3,0.86,1,0.49,39000000.0
Harry Wilson,355528,Fulham,43,RW,Winger,2691,262,8.76,8.47,46,1.54,1.49,0.072,0.119,1.653,7,4.78,10,5.83,27000000.0
Cristian Romero,829932,Tottenham Hotspur,33,DC,Centerback,1872,168,8.08,8.02,13,0.62,0.62,0.047,0.037,0.787,1,1.26,4,1.31,46000000.0
Tom Edozie,1445189,Wolverhampton,3,LW,Winger,26,7,24.23,28.29,0,0.0,0.0,0.002,0.0,0.0,0,0.0,1,0.23,195000.0
Fabian Schär,101882,Newcastle United,39,DC,Centerback,1091,142,11.71,11.13,4,0.33,0.31,0.039,0.01,0.256,0,0.61,0,0.98,3900000.0
Max Alleyne,1168513,Manchester City,17,DC,Centerback,135,12,8.0,6.61,1,0.67,0.55,0.003,0.002,0.667,0,0.06,0,0.26,7800000.0
João Pedro,975079,Chelsea,38,ST,Striker,2674,337,11.34,9.82,34,1.14,0.99,0.103,0.082,0.796,5,2.0,15,14.96,74000000.0
Matheus Cunha,886363,Manchester United,35,AM,Midfielder,2503,362,13.02,12.57,37,1.33,1.28,0.096,0.074,0.771,2,3.28,10,7.06,79000000.0
Lisandro Martínez,859999,Manchester United,35,DC,Centerback,1237,104,7.57,7.31,5,0.36,0.35,0.028,0.01,0.357,0,0.6,0,0.15,48000000.0
Alex Iwobi,352770,Fulham,43,LW,Winger,2434,302,11.17,10.8,47,1.74,1.68,0.083,0.122,1.47,3,4.69,4,1.92,21000000.0
Alex Scott,1104986,Bournemouth,60,MC,Midfielder,2859,304,9.57,9.54,29,0.91,0.91,0.081,0.078,0.963,1,2.95,3,3.81,53000000.0
Ibrahima Konaté,826215,Liverpool FC,44,DC,Centerback,3100,244,7.08,5.98,8,0.23,0.19,0.064,0.016,0.25,0,0.98,1,1.21,46000000.0
Pascal Groß,48480,Brighton & Hove Albion,30,MC,Midfielder,1636,188,10.34,9.56,42,2.31,2.14,0.051,0.104,2.039,3,3.83,1,1.45,2300000.0
Adam Wharton,1109771,Crystal Palace,7,MC,Midfielder,2562,328,11.52,12.54,49,1.72,1.87,0.087,0.148,1.701,5,7.38,1,1.52,74000000.0
Anthony Gordon,914902,Newcastle United,39,LW,Winger,1817,205,10.15,9.65,28,1.39,1.32,0.056,0.072,1.286,2,3.37,6,8.83,82000000.0
Ryan Gravenberch,904897,Liverpool FC,44,MC,Midfielder,2996,294,8.83,7.46,32,0.96,0.81,0.077,0.063,0.818,3,2.26,5,1.9,87000000.0
Martín Zubimendi,966837,Arsenal,42,MC,Midfielder,3001,289,8.67,7.72,20,0.6,0.53,0.08,0.044,0.55,1,2.26,5,2.85,77000000.0
Konstantinos Mavropanos,829022,West Ham United,37,DC,Centerback,2535,233,8.27,9.72,4,0.14,0.16,0.068,0.013,0.191,0,0.7,3,2.55,19500000.0
Cole Palmer,982780,Chelsea,38,AM,Midfielder,1965,261,11.95,10.35,26,1.19,1.03,0.08,0.062,0.775,1,2.47,10,10.56,92000000.0
Amadou Onana,923973,Aston Villa,40,MC,Midfielder,1776,142,7.2,6.72,7,0.35,0.33,0.043,0.017,0.395,0,0.7,2,1.71,41000000.0
Rayan,1464966,Bournemouth,60,RW,Winger,1119,128,10.29,10.25,16,1.29,1.29,0.034,0.043,1.265,2,1.82,5,2.91,58000000.0
Crysencio Summerville,917005,West Ham United,37,LW,Winger,2480,257,9.33,10.97,30,1.09,1.28,0.075,0.096,1.28,2,3.42,5,5.17,49000000.0
João Palhinha,364612,Tottenham Hotspur,33,MC,Midfielder,2197,264,10.81,10.73,10,0.41,0.41,0.073,0.029,0.397,2,0.66,5,2.7,13800000.0
Joachim Andersen,362682,Fulham,43,DC,Centerback,2884,337,10.52,10.17,8,0.25,0.24,0.093,0.021,0.226,1,1.82,0,1.48,21000000.0
William Saliba,941168,Arsenal,42,DC,Centerback,2615,167,5.75,5.12,10,0.34,0.3,0.046,0.022,0.478,0,1.42,1,0.86,94000000.0
Malick Thiaw,1014286,Newcastle United,39,DC,Centerback,2964,207,6.29,5.98,6,0.18,0.17,0.057,0.015,0.263,0,0.97,4,4.72,41000000.0
Antoine Semenyo,934354,Manchester City,17,LW,Winger,3200,407,11.45,9.46,43,1.21,1.0,0.098,0.079,0.806,4,3.12,17,11.09,85000000.0
Mikkel Damsgaard,907072,Brentford,50,AM,Midfielder,2078,320,13.86,14.56,46,1.99,2.09,0.086,0.139,1.616,4,5.44,4,2.62,29000000.0
Jarrad Branthwaite,979563,Everton,48,DC,Centerback,689,65,8.49,9.73,3,0.39,0.45,0.019,0.009,0.474,0,0.12,1,0.35,41000000.0
Phil Foden,859765,Manchester City,17,AM,Midfielder,2107,253,10.81,8.93,60,2.56,2.12,0.061,0.11,1.803,5,4.77,7,6.42,66000000.0
Jarrod Bowen,552884,West Ham United,37,RW,Winger,3405,429,11.34,13.33,56,1.48,1.74,0.124,0.18,1.452,11,5.24,9,7.26,29000000.0
Sven Botman,910046,Newcastle United,39,DC,Centerback,1838,173,8.47,8.05,9,0.44,0.42,0.048,0.023,0.479,1,0.88,1,1.74,33000000.0
Joško Gvardiol,964994,Manchester City,17,DL,Fullback,1374,136,8.91,7.36,8,0.52,0.43,0.033,0.015,0.455,2,0.71,2,2.4,64000000.0
Martin Ødegaard,547410,Arsenal,42,MC,Midfielder,1370,180,11.82,10.53,46,3.02,2.69,0.05,0.1,2.0,6,3.67,1,1.23,77000000.0
Ezri Konsa,827679,Aston Villa,40,DC,Centerback,3036,116,3.44,3.21,5,0.15,0.14,0.035,0.012,0.343,0,0.58,0,1.25,47000000.0
Rio Ngumoha,1881902,Liverpool FC,44,LW,Winger,582,66,10.21,8.62,17,2.63,2.22,0.017,0.034,2.0,1,2.03,2,1.31,29000000.0
James Hill,1156586,Bournemouth,60,DC,Centerback,2120,248,10.53,10.49,16,0.68,0.68,0.066,0.043,0.652,3,1.16,0,0.89,24000000.0
Eberechi Eze,864921,Arsenal,42,AM,Midfielder,1900,208,9.85,8.77,18,0.85,0.76,0.058,0.039,0.672,2,2.66,7,5.05,69000000.0
Murillo,1199282,Nottingham Forest,14,DC,Centerback,2133,211,8.9,9.52,8,0.34,0.36,0.061,0.021,0.344,0,0.48,1,0.74,49000000.0
Nico González,954056,Manchester City,17,MC,Midfielder,1575,161,9.2,7.6,11,0.63,0.52,0.039,0.02,0.513,0,1.11,1,0.7,43000000.0
Olivier Boscagli,788784,Brighton & Hove Albion,30,DC,Centerback,819,104,11.43,10.57,5,0.55,0.51,0.028,0.012,0.429,1,0.46,0,0.04,13900000.0
Mathias Jensen,799251,Brentford,50,MC,Midfielder,2277,285,11.26,11.83,36,1.42,1.49,0.077,0.109,1.416,1,6.02,3,2.27,10400000.0
Ibrahim Sangaré,843754,Nottingham Forest,14,MC,Midfielder,2080,169,7.31,7.82,14,0.61,0.65,0.049,0.037,0.755,2,1.8,2,1.15,21000000.0
Nordi Mukiele,780014,Sunderland,41,DR,Fullback,2787,309,9.98,11.13,28,0.9,1.0,0.093,0.096,1.032,4,2.49,3,1.88,15200000.0
Vitaly Janelt,814873,Brentford,50,MC,Midfielder,1449,127,7.89,8.29,25,1.55,1.63,0.034,0.076,2.235,4,2.27,1,0.91,16600000.0
Matthijs de Ligt,803031,Manchester United,35,DC,Centerback,1170,88,6.77,6.54,3,0.23,0.22,0.023,0.006,0.261,0,0.77,1,1.46,32000000.0
Morato,985086,Nottingham Forest,14,DC,Centerback,1366,116,7.64,8.17,2,0.13,0.14,0.034,0.005,0.147,0,0.16,1,1.32,13600000.0
Leandro Trossard,135666,Arsenal,42,LW,Winger,2006,297,13.33,11.87,42,1.88,1.67,0.082,0.092,1.122,6,3.56,6,5.48,19300000.0
Lewis Dunk,115365,Brighton & Hove Albion,30,DC,Centerback,2844,220,6.96,6.43,7,0.22,0.2,0.06,0.017,0.283,0,0.57,1,1.71,3600000.0
Jenson Seelt,1088897,Sunderland,41,DC,Centerback,134,14,9.4,10.48,0,0.0,0.0,0.004,0.0,0.0,0,0.02,0,0.0,5200000.0
Matheus Nunes,945122,Manchester City,17,DR,Fullback,2865,289,9.08,7.5,33,1.04,0.86,0.07,0.061,0.871,5,2.24,1,0.35,48000000.0
Pedro Neto,879349,Chelsea,38,RW,Winger,2643,246,8.38,7.26,61,2.08,1.8,0.075,0.146,1.947,6,6.83,5,4.62,58000000.0
James Justin,827681,Leeds United,34,DR,Fullback,1916,217,10.19,11.14,13,0.61,0.67,0.061,0.037,0.607,1,1.17,2,1.67,12400000.0
Abdukodir Khusanov,1194333,Manchester City,17,DC,Centerback,1429,100,6.3,5.21,6,0.38,0.31,0.024,0.011,0.458,0,0.57,0,0.68,47000000.0
Trevoh Chalobah,826134,Chelsea,38,DC,Centerback,2782,182,5.89,5.1,5,0.16,0.14,0.056,0.012,0.214,0,1.05,3,1.43,43000000.0
Patrick Dorgu,1397168,Manchester United,35,ML,Fullback,1461,197,12.14,11.72,31,1.91,1.84,0.052,0.062,1.192,4,1.85,4,2.35,33000000.0
Noah Okafor,865523,Leeds United,34,ST,Striker,1573,198,11.33,12.39,21,1.2,1.31,0.055,0.06,1.091,1,1.32,8,5.26,27000000.0
Daniel Muñoz,870360,Crystal Palace,7,MR,Fullback,2403,218,8.16,8.89,31,1.16,1.26,0.058,0.094,1.621,3,3.97,4,2.44,23000000.0
Sandro Tonali,892673,Newcastle United,39,MC,Midfielder,2543,310,10.97,10.43,34,1.2,1.14,0.085,0.088,1.035,2,2.89,0,1.74,74000000.0
Hugo Ekitiké,1048422,Liverpool FC,44,ST,Striker,1810,218,10.84,9.15,25,1.24,1.05,0.057,0.049,0.86,4,2.67,11,9.87,77000000.0
Igor Thiago,1016907,Brentford,50,ST,Striker,3284,344,9.43,9.9,25,0.69,0.72,0.093,0.076,0.817,1,1.88,22,20.57,68000000.0
Morgan Gibbs-White,865912,Nottingham Forest,14,AM,Midfielder,3110,381,11.03,11.79,53,1.53,1.64,0.111,0.14,1.261,4,2.92,15,10.84,67000000.0
Enzo Le Fée,984014,Sunderland,41,MC,Midfielder,2944,307,9.39,10.47,59,1.8,2.01,0.092,0.202,2.196,6,5.92,5,5.16,26000000.0
Lewis Miley,1400650,Newcastle United,39,MC,Midfielder,1494,109,6.57,6.24,19,1.14,1.08,0.03,0.049,1.633,4,2.11,1,1.34,27000000.0
Kenny Tete,190877,Fulham,43,DR,Fullback,1802,184,9.19,8.89,11,0.55,0.53,0.051,0.029,0.569,0,1.42,1,0.96,8700000.0
Jurriën Timber,958959,Arsenal,42,DR,Fullback,2457,230,8.42,7.5,32,1.17,1.04,0.064,0.07,1.094,5,1.61,3,4.77,73000000.0
Tosin Adarabioyo,352668,Chelsea,38,DC,Centerback,796,75,8.48,7.34,1,0.11,0.1,0.023,0.002,0.087,0,0.4,0,0.11,16500000.0
Mohamed Salah,159665,Liverpool FC,44,RW,Winger,2148,354,14.83,12.52,56,2.35,1.98,0.093,0.11,1.183,7,5.31,7,8.16,21000000.0
Josh Cullen,792122,Burnley,6,MC,Midfielder,1519,163,9.66,11.42,15,0.89,1.05,0.047,0.05,1.064,2,1.35,2,0.9,4099999.0
John McGinn,250223,Aston Villa,40,RW,Winger,2169,227,9.42,8.8,45,1.87,1.75,0.069,0.111,1.609,4,3.99,5,2.96,12600000.0
Ayden Heaven,1445799,Manchester United,35,DC,Centerback,938,53,5.09,4.91,3,0.29,0.28,0.014,0.006,0.429,1,0.18,0,0.35,32000000.0
Lucas Paquetá,839981,West Ham United,37,AM,Midfielder,1521,257,15.21,17.88,24,1.42,1.67,0.075,0.077,1.027,1,2.11,4,2.82,36000000.0
Pedro Porro,913654,Tottenham Hotspur,33,DR,Fullback,2798,435,13.99,13.89,58,1.87,1.86,0.121,0.166,1.372,2,4.48,1,1.05,42000000.0
Cody Gakpo,862967,Liverpool FC,44,LW,Winger,2754,311,10.16,8.58,59,1.93,1.63,0.082,0.116,1.415,5,4.69,7,8.46,58000000.0
Jaka Bijol,886930,Leeds United,34,DC,Centerback,1913,169,7.95,8.69,9,0.42,0.46,0.047,0.026,0.553,2,0.78,1,0.88,18500000.0
Piero Hincapié,1002837,Arsenal,42,DL,Fullback,1792,108,5.42,4.83,15,0.75,0.67,0.03,0.033,1.1,2,1.63,1,0.36,46000000.0
Ben Davies,94758,Tottenham Hotspur,33,DC,Centerback,138,12,7.83,7.77,1,0.65,0.65,0.003,0.003,1.0,0,0.09,1,0.49,2800000.0
Rayan Aït-Nouri,931278,Manchester City,17,DL,Fullback,976,99,9.13,7.55,14,1.29,1.07,0.024,0.026,1.083,2,2.02,0,0.59,39000000.0
Cristhian Mosquera,1144630,Arsenal,42,DC,Centerback,1003,66,5.92,5.27,5,0.45,0.4,0.018,0.011,0.611,0,0.63,0,0.1,38000000.0
Michael Keane,110846,Everton,48,DC,Centerback,2619,196,6.74,7.72,3,0.1,0.11,0.056,0.009,0.161,1,0.51,3,2.33,2800000.0
Amad Diallo,971037,Manchester United,35,RW,Winger,2344,227,8.72,8.42,44,1.69,1.63,0.06,0.088,1.467,3,4.78,2,5.57,44000000.0
Neco Williams,927356,Nottingham Forest,14,DL,Fullback,3206,355,9.97,10.66,40,1.12,1.2,0.103,0.106,1.029,3,3.96,2,1.97,26000000.0
Maxence Lacroix,879674,Crystal Palace,7,DC,Centerback,3087,230,6.71,7.31,9,0.26,0.28,0.061,0.027,0.443,2,0.89,1,2.38,54000000.0
Ola Aina,800417,Nottingham Forest,14,DR,Fullback,1590,142,8.04,8.6,10,0.57,0.61,0.041,0.026,0.634,0,0.82,0,0.4,16399999.0
Mateus Mané,1899647,Wolverhampton,3,AM,Midfielder,1799,225,11.26,13.15,32,1.6,1.87,0.071,0.117,1.648,1,3.69,3,2.01,18500000.0
Noussair Mazraoui,847030,Manchester United,35,DR,Fullback,1022,85,7.49,7.23,7,0.62,0.6,0.023,0.014,0.609,0,0.36,0,0.19,17500000.0
Nathan Patterson,1020141,Everton,48,DR,Fullback,266,26,8.8,10.08,0,0.0,0.0,0.007,0.0,0.0,0,0.04,0,0.03,10900000.0
Harry Maguire,149380,Manchester United,35,DC,Centerback,1667,135,7.29,7.04,6,0.32,0.31,0.036,0.012,0.333,2,0.52,1,1.11,8600000.0
Xavi Simons,997183,Tottenham Hotspur,33,AM,Midfielder,1769,247,12.57,12.48,40,2.04,2.03,0.069,0.114,1.652,5,3.86,2,3.08,43000000.0
Chris Richards,931844,Crystal Palace,7,DC,Centerback,2826,265,8.44,9.19,9,0.29,0.32,0.071,0.027,0.38,0,1.38,1,2.36,25000000.0
Kobbie Mainoo,1142175,Manchester United,35,MC,Midfielder,1670,173,9.32,9.0,24,1.29,1.25,0.046,0.048,1.043,2,1.28,1,0.48,72000000.0
Jorge Cuenca,868715,Fulham,43,DC,Centerback,965,77,7.18,6.94,3,0.28,0.27,0.021,0.008,0.381,0,0.56,0,0.05,8600000.0
Samuel Chukwueze,822470,Fulham,43,RW,Winger,1075,169,14.15,13.68,28,2.34,2.26,0.047,0.073,1.553,4,3.3,3,2.07,18500000.0
Callum Hudson Odoi,867442,Nottingham Forest,14,LW,Winger,1849,151,7.35,7.86,48,2.34,2.5,0.044,0.127,2.886,4,2.98,3,2.8,32000000.0
Riccardo Calafiori,957602,Arsenal,42,DL,Fullback,1707,159,8.38,7.46,11,0.58,0.52,0.044,0.024,0.545,2,0.76,1,3.34,53000000.0
Dango Ouattara,1106451,Brentford,50,RW,Winger,2279,323,12.76,13.4,30,1.18,1.24,0.087,0.091,1.046,3,4.17,7,7.72,36000000.0
Pau Torres,864169,Aston Villa,40,DC,Centerback,1676,145,7.79,7.27,1,0.05,0.05,0.044,0.002,0.045,0,0.37,0,1.27,21000000.0
Nico O'Reilly,1142703,Manchester City,17,DL,Fullback,2648,297,10.09,8.34,26,0.88,0.73,0.072,0.048,0.667,3,2.69,5,6.03,76000000.0
Ollie Watkins,555386,Aston Villa,40,ST,Striker,2852,286,9.03,8.43,26,0.82,0.77,0.087,0.064,0.736,3,1.3,16,15.14,26000000.0
Levi Colwill,996911,Chelsea,38,DC,Centerback,225,20,8.0,6.93,0,0.0,0.0,0.006,0.0,0.0,0,0.11,0,0.0,55000000.0
Iliman Ndiaye,914309,Everton,48,LW,Winger,2786,319,10.31,11.82,33,1.07,1.23,0.091,0.095,1.044,3,4.41,6,6.71,53000000.0
Michael Kayode,1137431,Brentford,50,DR,Fullback,3264,263,7.25,7.61,37,1.02,1.07,0.071,0.112,1.577,1,2.8,1,1.18,39000000.0
Mohammed Kudus,905163,Tottenham Hotspur,33,RW,Winger,1545,194,11.3,11.22,30,1.75,1.74,0.054,0.086,1.593,5,2.4,2,1.93,54000000.0
Maxim De Cuyper,997152,Brighton & Hove Albion,30,DL,Fullback,1443,137,8.54,7.9,36,2.25,2.08,0.037,0.089,2.405,3,4.13,2,1.82,21000000.0
Mason Mount,836694,Manchester United,35,AM,Midfielder,1018,123,10.87,10.49,14,1.24,1.2,0.033,0.028,0.848,0,1.62,3,1.5,23000000.0
Sean Longstaff,866191,Leeds United,34,MC,Midfielder,1046,102,8.78,9.6,27,2.32,2.54,0.029,0.077,2.655,2,1.91,2,1.25,14400000.0
Sander Berge,793167,Fulham,43,MC,Midfielder,2911,223,6.89,6.66,22,0.68,0.66,0.062,0.057,0.919,1,1.5,0,1.54,26000000.0
Sepp van den Berg,924378,Brentford,50,DC,Centerback,2761,190,6.19,6.5,9,0.29,0.3,0.051,0.027,0.529,2,1.49,0,3.13,33000000.0
Lewis Cook,548188,Bournemouth,60,MC,Midfielder,905,76,7.56,7.53,12,1.19,1.19,0.02,0.032,1.6,1,0.54,0,0.08,11600000.0
Yankuba Minteh,1400106,Brighton & Hove Albion,30,RW,Winger,2398,333,12.5,11.56,50,1.88,1.74,0.09,0.124,1.378,4,5.12,3,3.8,42000000.0
Emiliano Buendía,783126,Aston Villa,40,LW,Winger,1784,226,11.4,10.64,32,1.61,1.5,0.069,0.079,1.145,2,2.29,6,3.42,14600000.0
Antonee Robinson,803174,Fulham,43,DL,Fullback,1492,182,10.98,10.62,22,1.33,1.29,0.05,0.057,1.14,0,1.57,1,1.07,24000000.0
Daichi Kamada,794338,Crystal Palace,7,MC,Midfielder,1908,179,8.44,9.19,20,0.94,1.02,0.048,0.061,1.271,0,3.24,0,1.65,10300000.0
Richarlison,840217,Tottenham Hotspur,33,ST,Striker,1957,231,10.62,10.54,24,1.1,1.09,0.064,0.069,1.078,4,1.46,11,8.09,24000000.0
Diogo Dalot,843200,Manchester United,35,DR,Fullback,2616,219,7.53,7.27,32,1.1,1.06,0.058,0.064,1.103,3,2.57,1,2.0,28000000.0
Bernardo Silva,331209,Manchester City,17,MC,Midfielder,2890,308,9.59,7.93,51,1.59,1.31,0.074,0.094,1.27,4,4.08,2,2.56,21000000.0
Emmanuel Agbadou,1013842,Wolverhampton,3,DC,Centerback,1101,128,10.46,12.21,4,0.33,0.39,0.04,0.015,0.375,0,0.4,0,0.56,16500000.0
Florian Wirtz,1019322,Liverpool FC,44,AM,Midfielder,2388,342,12.89,10.88,64,2.41,2.04,0.09,0.126,1.4,3,5.17,5,7.03,95000000.0
Noni Madueke,966547,Arsenal,42,RW,Winger,1226,173,12.7,11.31,23,1.69,1.51,0.048,0.05,1.042,1,2.83,3,1.22,54000000.0
Ross Barkley,98435,Aston Villa,40,MC,Midfielder,865,91,9.47,8.84,11,1.14,1.06,0.028,0.027,0.964,1,1.35,3,1.51,3600000.0
Bashir Humphreys,996910,Burnley,6,DC,Centerback,1578,175,9.98,11.8,9,0.51,0.6,0.05,0.03,0.6,0,0.68,0,0.42,13100000.0
Yéremy Pino,984624,Crystal Palace,7,AM,Midfielder,2100,316,13.54,14.74,50,2.14,2.33,0.084,0.152,1.81,2,6.11,2,4.51,27000000.0
Curtis Jones,927353,Liverpool FC,44,MC,Midfielder,1950,196,9.05,7.64,23,1.06,0.9,0.051,0.045,0.882,2,2.79,1,2.77,33000000.0
Morgan Rogers,948261,Aston Villa,40,AM,Midfielder,3285,511,14.0,13.07,53,1.45,1.35,0.155,0.131,0.845,6,4.3,10,6.78,105000000.0
Daniel Ballard,958878,Sunderland,41,DC,Centerback,2148,231,9.68,10.79,15,0.63,0.7,0.069,0.051,0.739,0,0.66,2,2.46,22000000.0
Andrey Santos,1105779,Chelsea,38,MC,Midfielder,1280,95,6.68,5.78,8,0.56,0.48,0.029,0.019,0.655,0,0.88,1,2.0,39000000.0
Tyler Adams,800419,Bournemouth,60,MC,Midfielder,1778,157,7.95,7.92,9,0.46,0.46,0.042,0.024,0.571,2,0.61,2,0.6,26000000.0
Ben White,846036,Arsenal,42,DR,Fullback,713,73,9.21,8.2,9,1.14,1.02,0.02,0.02,1.0,1,0.68,0,0.46,27000000.0
Kevin Danso,794953,Tottenham Hotspur,33,DC,Centerback,1507,141,8.42,8.36,3,0.18,0.18,0.039,0.009,0.231,0,0.27,0,0.59,19400000.0
Bryan Mbeumo,927083,Manchester United,35,RW,Winger,2621,305,10.47,10.11,50,1.72,1.66,0.081,0.1,1.235,3,5.04,11,12.19,73000000.0
Tijjani Reijnders,893549,Manchester City,17,MC,Midfielder,1640,178,9.77,8.07,20,1.1,0.91,0.043,0.037,0.86,2,2.34,5,4.45,48000000.0
Douglas Luiz,867887,Aston Villa,40,MC,Midfielder,944,86,8.2,7.66,19,1.81,1.69,0.026,0.047,1.808,0,1.43,1,0.53,19200000.0
Lewis Hall,1136730,Newcastle United,39,DL,Fullback,2179,280,11.56,10.99,26,1.07,1.02,0.077,0.067,0.87,1,2.75,1,1.01,38000000.0
Jaydee Canvot,1471671,Crystal Palace,7,DC,Centerback,1347,104,6.95,7.57,3,0.2,0.22,0.028,0.009,0.321,0,0.34,0,1.48,25000000.0
Mikel Merino,592010,Arsenal,42,MC,Midfielder,1035,135,11.74,10.46,15,1.3,1.16,0.037,0.033,0.892,3,1.46,4,3.38,26000000.0
Wesley Fofana,923894,Chelsea,38,DC,Centerback,1726,116,6.05,5.24,4,0.21,0.18,0.035,0.01,0.286,1,0.62,0,0.72,29000000.0
Matty Cash,833956,Aston Villa,40,DR,Fullback,3020,258,7.69,7.18,34,1.01,0.94,0.078,0.084,1.077,3,2.95,3,1.19,19800000.0
Álex Jiménez,1184308,Bournemouth,60,DR,Fullback,2330,249,9.62,9.59,14,0.54,0.54,0.067,0.037,0.552,0,1.61,1,1.13,19900000.0
André,1035996,Wolverhampton,3,DM,Midfielder,2766,173,5.63,6.57,18,0.59,0.69,0.055,0.066,1.2,0,0.99,1,0.52,26000000.0
Ismaïla Sarr,845286,Crystal Palace,7,AM,Midfielder,2176,247,10.22,11.13,20,0.83,0.9,0.066,0.061,0.924,1,1.13,9,10.91,43000000.0
Tom Cairney,82566,Fulham,43,MC,Midfielder,805,76,8.5,8.22,11,1.23,1.19,0.021,0.029,1.381,0,0.82,2,1.21,530000.0
Nicolás Domínguez,871765,Nottingham Forest,14,MC,Midfielder,1193,108,8.15,8.71,13,0.98,1.05,0.031,0.034,1.097,1,0.79,1,1.47,13800000.0
Dominic Solanke,361420,Tottenham Hotspur,33,ST,Striker,1000,87,7.83,7.77,6,0.54,0.54,0.024,0.017,0.708,0,0.35,3,2.43,31000000.0
Omar Alderete,805137,Sunderland,41,DC,Centerback,2802,287,9.22,10.28,10,0.32,0.36,0.086,0.034,0.395,1,0.92,1,1.64,13800000.0
Joël Veltman,219572,Brighton & Hove Albion,30,DR,Fullback,1073,90,7.55,6.98,4,0.34,0.31,0.024,0.01,0.417,0,0.22,1,1.11,1500000.0
Zian Flemming,875137,Burnley,6,ST,Striker,1808,174,8.66,10.24,10,0.5,0.59,0.05,0.033,0.66,0,0.42,11,7.87,12600000.0
James Ward-Prowse,161717,Burnley,6,MC,Midfielder,1109,83,6.74,7.97,24,1.95,2.31,0.024,0.08,3.333,1,1.88,0,0.22,4500000.0
Mateo Kovačić,136710,Manchester City,17,MC,Midfielder,134,21,14.1,11.65,5,3.36,2.78,0.005,0.009,1.8,1,0.44,0,0.16,9700000.0
Calvin Bassey,861972,Fulham,43,DC,Centerback,2544,249,8.81,8.52,10,0.35,0.34,0.069,0.026,0.377,0,0.39,1,1.72,29000000.0
Idrissa Gana Gueye,106337,Everton,48,MC,Midfielder,2101,187,8.01,9.18,16,0.69,0.79,0.054,0.046,0.852,3,1.77,2,2.0,485000.0
Ferdi Kadıoğlu,825844,Brighton & Hove Albion,30,DL,Fullback,3134,253,7.27,6.72,22,0.63,0.58,0.069,0.055,0.797,0,3.33,1,2.03,36000000.0
Nikola Milenković,836168,Nottingham Forest,14,DC,Centerback,3375,224,5.97,6.38,3,0.08,0.09,0.065,0.008,0.123,0,0.72,0,0.84,26000000.0
Eli Junior Kroupi,1426228,Bournemouth,60,ST,Striker,1690,206,10.97,10.93,22,1.17,1.17,0.055,0.059,1.073,0,1.53,13,8.35,72000000.0
William Osula,1122603,Newcastle United,39,ST,Striker,863,60,6.26,5.95,6,0.63,0.6,0.017,0.015,0.882,0,0.62,7,4.29,26000000.0
Tyrick Mitchell,988275,Crystal Palace,7,ML,Fullback,3253,371,10.26,11.17,31,0.86,0.94,0.099,0.094,0.949,2,2.52,1,1.61,23000000.0
Kaoru Mitoma,936849,Brighton & Hove Albion,30,LW,Winger,1721,191,9.99,9.24,32,1.67,1.54,0.052,0.079,1.519,1,2.84,3,4.06,20000000.0
Lutsharel Geertruida,856739,Sunderland,41,DR,Fullback,1702,122,6.45,7.19,8,0.42,0.47,0.037,0.027,0.73,0,0.83,0,1.15,22000000.0
Jordan Henderson,42694,Brentford,50,MC,Midfielder,1929,273,12.74,13.38,22,1.03,1.08,0.074,0.066,0.892,3,2.45,1,0.33,1300000.0
Marcus Tavernier,895576,Bournemouth,60,LW,Winger,2738,349,11.47,11.43,59,1.94,1.93,0.093,0.158,1.699,4,4.64,7,9.06,23000000.0
Harrison Reed,365802,Fulham,43,MC,Midfielder,126,5,3.57,3.45,3,2.14,2.07,0.001,0.008,8.0,0,0.46,1,0.13,2100000.0
Freddie Potts,1089582,West Ham United,37,MC,Midfielder,1167,101,7.79,9.16,9,0.69,0.81,0.029,0.029,1.0,1,1.07,0,0.21,10400000.0
Dário Essugo,1110006,Chelsea,38,MC,Midfielder,34,6,15.88,13.75,0,0.0,0.0,0.002,0.0,0.0,0,0.01,0,0.0,13900000.0
Nathan Aké,149663,Manchester City,17,DC,Centerback,703,62,7.94,6.56,7,0.9,0.74,0.015,0.013,0.867,0,0.53,0,0.72,10900000.0
Veljko Milosavljević,1406130,Bournemouth,60,DC,Centerback,375,32,7.68,7.65,1,0.24,0.24,0.009,0.003,0.333,0,0.2,0,0.15,18600000.0
Rio Cardines,1469007,Crystal Palace,7,ML,Fullback,90,12,12.0,13.07,2,2.0,2.18,0.003,0.006,2.0,0,0.16,0,0.02,290000.0
Pascal Struijk,836675,Leeds United,34,DC,Centerback,2937,253,7.75,8.47,13,0.4,0.44,0.071,0.037,0.521,1,0.78,0,3.02,23000000.0
Joelinton,560128,Newcastle United,39,MC,Midfielder,1953,217,10.0,9.5,18,0.83,0.79,0.06,0.046,0.767,1,1.35,2,2.39,27000000.0
Oscar Bobb,1065216,Fulham,43,RW,Winger,1050,110,9.43,9.12,23,1.97,1.9,0.03,0.06,2.0,1,2.11,0,1.48,27000000.0
Will Hughes,193554,Crystal Palace,7,MC,Midfielder,1577,165,9.42,10.26,21,1.2,1.31,0.044,0.064,1.455,0,1.89,0,1.09,4600000.0
Adrien Truffert,999028,Bournemouth,60,DL,Fullback,3380,338,9.0,8.97,37,0.99,0.99,0.09,0.099,1.1,5,2.98,1,1.36,28000000.0
Pape Matar Sarr,1002711,Tottenham Hotspur,33,MC,Midfielder,1399,139,8.94,8.87,15,0.96,0.95,0.039,0.043,1.103,4,1.1,2,1.72,28000000.0
Alejandro Garnacho,1135873,Chelsea,38,LW,Winger,1283,130,9.12,7.9,33,2.31,2.0,0.04,0.079,1.975,4,3.68,1,3.45,26000000.0
Yasin Ayari,1036269,Brighton & Hove Albion,30,MC,Midfielder,1941,224,10.39,9.61,19,0.88,0.81,0.061,0.047,0.77,3,1.14,3,2.71,36000000.0
Jean-Ricner Bellegarde,845273,Wolverhampton,3,MC,Midfielder,1251,141,10.14,11.84,15,1.08,1.26,0.045,0.055,1.222,1,1.12,1,0.99,17600000.0
Tino Livramento,980634,Newcastle United,39,DR,Fullback,1328,103,6.98,6.63,12,0.81,0.77,0.028,0.031,1.107,1,0.95,0,0.14,44000000.0
Noah Sadiki,1171539,Sunderland,41,MC,Midfielder,2894,222,6.9,7.69,20,0.62,0.69,0.066,0.068,1.03,1,1.44,0,1.46,37000000.0
Jaidon Anthony,1020680,Burnley,6,LW,Winger,2743,341,11.19,13.23,39,1.28,1.51,0.098,0.13,1.327,2,2.87,8,5.13,19400000.0
Kevin,1112879,Fulham,43,LW,Winger,1037,172,14.93,14.44,15,1.3,1.26,0.047,0.039,0.83,1,1.48,1,1.2,26000000.0
João Gomes,1015267,Wolverhampton,3,MC,Midfielder,2843,308,9.75,11.38,17,0.54,0.63,0.097,0.062,0.639,1,2.08,1,1.28,36000000.0
Max Dowman,1917626,Arsenal,42,MC,Midfielder,162,30,16.67,14.85,4,2.22,1.98,0.008,0.009,1.125,0,0.32,1,1.18,31000000.0
Harvey Barnes,855647,Newcastle United,39,LW,Winger,1961,227,10.42,9.9,25,1.15,1.09,0.063,0.064,1.016,1,2.75,7,7.07,35000000.0
Trai Hume,989034,Sunderland,41,DR,Fullback,3037,315,9.33,10.4,30,0.89,0.99,0.094,0.103,1.096,1,2.01,2,2.15,20000000.0
Kevin Schade,1006387,Brentford,50,LW,Winger,2757,327,10.67,11.21,32,1.04,1.09,0.088,0.097,1.102,3,2.08,8,12.18,36000000.0
Santiago Bueno,846308,Wolverhampton,3,DC,Centerback,2553,162,5.71,6.67,11,0.39,0.46,0.051,0.04,0.784,1,1.45,3,2.28,9200000.0
Lucas Digne,96538,Aston Villa,40,DL,Fullback,1866,172,8.3,7.75,32,1.54,1.44,0.052,0.079,1.519,6,3.26,0,0.72,5500000.0
Estêvão,1597265,Chelsea,38,RW,Winger,852,141,14.89,12.89,18,1.9,1.65,0.043,0.043,1.0,2,2.2,2,2.92,82000000.0
Amine Adli,991478,Bournemouth,60,LW,Winger,1106,137,11.15,11.11,17,1.38,1.38,0.037,0.045,1.216,1,1.62,3,2.6,18100000.0
Nathan Collins,958916,Brentford,50,DC,Centerback,2972,329,9.96,10.46,13,0.39,0.41,0.089,0.039,0.438,2,1.62,1,2.28,29000000.0
Sávio,1046795,Manchester City,17,LW,Winger,846,129,13.72,11.34,10,1.06,0.88,0.031,0.018,0.581,1,1.62,1,2.33,37000000.0
Tim Iroegbunam,1085950,Everton,48,MC,Midfielder,1505,156,9.33,10.69,10,0.6,0.69,0.045,0.029,0.644,2,0.71,0,0.6,18500000.0
Benjamin Šeško,986397,Manchester United,35,ST,Striker,1635,206,11.34,10.95,10,0.55,0.53,0.055,0.02,0.364,1,0.28,11,9.2,78000000.0
Axel Disasi,827243,West Ham United,37,DC,Centerback,1255,84,6.02,7.08,1,0.07,0.08,0.024,0.003,0.125,0,0.05,0,1.02,15500000.0
Tomáš Souček,799041,West Ham United,37,MC,Midfielder,2215,241,9.79,11.51,11,0.45,0.53,0.07,0.035,0.5,0,0.53,5,5.68,9700000.0
Jean-Philippe Mateta,848276,Crystal Palace,7,ST,Striker,2222,240,9.72,10.58,9,0.36,0.39,0.064,0.027,0.422,0,1.31,12,14.51,29000000.0
Yehor Yarmoliuk,1031258,Brentford,50,MC,Midfielder,2675,277,9.32,9.79,17,0.57,0.6,0.075,0.051,0.68,2,1.39,1,1.2,30000000.0
Bertrand Traoré,218160,Sunderland,41,RW,Winger,638,67,9.45,10.54,8,1.13,1.26,0.02,0.027,1.35,0,0.24,1,0.52,3800000.0
Sebastiaan Bornauw,826167,Leeds United,34,DC,Centerback,439,28,5.74,6.27,0,0.0,0.0,0.008,0.0,0.0,0,0.02,0,0.2,7800000.0
Diego Gómez,1065588,Brighton & Hove Albion,30,MC,Midfielder,2136,259,10.91,10.09,22,0.93,0.86,0.07,0.055,0.786,1,1.71,5,6.29,27000000.0
Omari Hutchinson,1090963,Nottingham Forest,14,RW,Winger,1694,183,9.72,10.39,38,2.02,2.16,0.053,0.101,1.906,5,3.91,1,1.94,28000000.0
Hannibal Mejbri,1009386,Burnley,6,AM,Midfielder,1253,182,13.07,15.45,25,1.8,2.13,0.052,0.083,1.596,4,2.06,1,0.89,15700000.0
Ethan Nwaneri,1401702,Arsenal,42,MC,Midfielder,175,21,10.8,9.62,1,0.51,0.45,0.006,0.002,0.333,0,0.08,0,0.23,34000000.0
Oleksandr Zinchenko,287643,Nottingham Forest,14,DL,Fullback,353,30,7.65,8.18,5,1.27,1.36,0.009,0.013,1.444,0,0.36,0,0.08,8199999.0
Omar Marmoush,873554,Manchester City,17,ST,Striker,734,78,9.56,7.9,15,1.84,1.52,0.019,0.028,1.474,3,0.79,3,2.71,55000000.0
Roméo Lavia,1069488,Chelsea,38,MC,Midfielder,377,32,7.64,6.62,1,0.24,0.21,0.01,0.002,0.2,0,0.54,0,0.2,21000000.0
Ao Tanaka,871886,Leeds United,34,MC,Midfielder,1326,132,8.96,9.79,18,1.22,1.33,0.037,0.051,1.378,0,1.47,2,1.61,14000000.0
Valentín Castellanos,877013,West Ham United,37,ST,Striker,1395,160,10.32,12.13,12,0.77,0.91,0.046,0.039,0.848,0,0.81,6,5.8,29000000.0
Jefferson Lerma,355796,Crystal Palace,7,MC,Midfielder,1730,211,10.98,11.96,16,0.83,0.9,0.056,0.048,0.857,2,1.48,0,1.82,5500000.0
Timothy Castagne,329417,Fulham,43,DR,Fullback,1872,128,6.15,5.95,18,0.87,0.84,0.035,0.047,1.343,0,1.46,0,1.42,7600000.0
Soungoutou Magassa,1170560,West Ham United,37,MC,Midfielder,998,94,8.48,9.97,5,0.45,0.53,0.027,0.016,0.593,0,0.31,1,0.44,18400000.0
Micky van de Ven,998247,Tottenham Hotspur,33,DC,Centerback,3043,194,5.74,5.7,7,0.21,0.21,0.054,0.02,0.37,1,0.37,4,2.53,49000000.0
Brenden Aaronson,973431,Leeds United,34,AM,Midfielder,2473,300,10.92,11.94,39,1.42,1.55,0.084,0.111,1.321,5,3.63,4,4.55,23000000.0
Mats Wieffer,959628,Brighton & Hove Albion,30,MC,Midfielder,1914,199,9.36,8.65,23,1.08,1.0,0.054,0.057,1.056,3,1.87,2,1.93,24000000.0
Ryan Christie,322391,Bournemouth,60,MC,Midfielder,986,179,16.34,16.28,11,1.0,1.0,0.048,0.029,0.604,0,0.83,2,1.92,8600000.0
Rodrigo Bentancur,791190,Tottenham Hotspur,33,MC,Midfielder,1892,178,8.47,8.41,11,0.52,0.52,0.049,0.031,0.633,1,0.83,1,0.74,19300000.0
Kai Havertz,836705,Arsenal,42,ST,Striker,583,72,11.11,9.9,14,2.16,1.92,0.02,0.031,1.55,3,0.66,2,3.31,53000000.0
Matt O'Riley,891829,Brighton & Hove Albion,30,MC,Midfielder,203,14,6.21,5.74,4,1.77,1.64,0.004,0.01,2.5,0,0.17,1,1.2,16500000.0
Ethan Pinnock,855864,Brentford,50,DC,Centerback,321,25,7.01,7.36,0,0.0,0.0,0.007,0.0,0.0,0,0.06,0,0.01,2800000.0
El Hadji Malick Diouf,1471764,West Ham United,37,ML,Fullback,2711,327,10.86,12.77,35,1.16,1.36,0.095,0.113,1.189,5,2.49,0,0.57,29000000.0
Jacob Murphy,372336,Newcastle United,39,RW,Winger,1627,214,11.84,11.25,25,1.38,1.31,0.059,0.064,1.085,2,2.74,3,3.15,11000000.0
Lesley Ugochukwu,1048916,Burnley,6,MC,Midfielder,2359,201,7.67,9.07,11,0.42,0.5,0.058,0.037,0.638,1,0.42,3,2.5,21000000.0
Angel Gomes,867441,Wolverhampton,3,MC,Midfielder,488,39,7.19,8.4,6,1.11,1.3,0.012,0.022,1.833,0,0.28,0,0.26,10800000.0
Jeremie Frimpong,970361,Liverpool FC,44,MR,Fullback,1068,110,9.27,7.83,16,1.35,1.14,0.029,0.032,1.103,1,1.58,0,0.51,36000000.0
Mathys Tel,1048888,Tottenham Hotspur,33,ST,Striker,1358,194,12.86,12.77,31,2.05,2.03,0.054,0.089,1.648,1,2.43,4,2.44,23000000.0
Andy Robertson,262911,Liverpool FC,44,DL,Fullback,1188,133,10.08,8.51,20,1.52,1.28,0.035,0.039,1.114,0,1.39,1,1.1,7500000.0
Alexis Mac Allister,895324,Liverpool FC,44,MC,Midfielder,2675,290,9.76,8.24,40,1.35,1.14,0.076,0.079,1.039,4,1.68,2,3.89,77000000.0
Ryan Yates,846252,Nottingham Forest,14,MC,Midfielder,629,73,10.45,11.17,7,1.0,1.07,0.021,0.019,0.905,2,0.39,0,0.5,7200000.0
Ilia Gruev,911679,Leeds United,34,MC,Midfielder,1334,74,4.99,5.45,14,0.94,1.03,0.021,0.04,1.905,3,0.88,0,0.47,11000000.0
Ladislav Krejčí,856250,Wolverhampton,3,DC,Centerback,2361,261,9.95,11.62,10,0.38,0.44,0.082,0.036,0.439,1,1.49,2,2.22,21000000.0
Charalampos Kostoulas,1416535,Brighton & Hove Albion,30,ST,Striker,386,79,18.42,17.03,11,2.56,2.37,0.021,0.027,1.286,1,0.56,2,2.14,27000000.0
Luke Shaw,190839,Manchester United,35,DL,Fullback,3231,252,7.02,6.78,17,0.47,0.45,0.067,0.034,0.507,1,1.98,1,0.71,7500000.0
Kieran Trippier,69256,Newcastle United,39,DR,Fullback,1592,214,12.1,11.5,29,1.64,1.56,0.059,0.075,1.271,1,2.01,0,0.08,1400000.0
Wataru Endo,143040,Liverpool FC,44,MC,Midfielder,206,16,6.99,5.9,2,0.87,0.73,0.004,0.004,1.0,1,0.05,0,0.04,3700000.0
Antoni Milambo,1126692,Brentford,50,MC,Midfielder,45,3,6.0,6.3,0,0.0,0.0,0.001,0.0,0.0,0,0.01,0,0.0,15500000.0
Jocelin Ta Bi,2138729,Sunderland,41,RW,Winger,39,2,4.62,5.15,0,0.0,0.0,0.001,0.0,0.0,0,0.04,0,0.0,2600000.0
Jun'ai Byfield,1913038,Tottenham Hotspur,33,DC,Centerback,10,1,9.0,8.93,0,0.0,0.0,0.0,0.0,0.0,0,0.0,0,0.0,3200000.0
Alex Murphy,1125214,Newcastle United,39,DL,Fullback,16,0,0.0,0.0,0,0.0,0.0,0.0,0.0,0.0,0,0.0,0,0.0,1600000.0
Diego Coppola,1050692,Brighton & Hove Albion,30,DC,Centerback,201,13,5.82,5.38,0,0.0,0.0,0.004,0.0,0.0,0,0.02,0,0.0,19700000.0
James Maddison,356398,Tottenham Hotspur,33,AM,Midfielder,50,5,9.0,8.93,0,0.0,0.0,0.001,0.0,0.0,0,0.06,0,0.21,19400000.0
Jesse Derry,1550775,Chelsea,38,LW,Winger,44,4,8.18,7.08,0,0.0,0.0,0.001,0.0,0.0,0,0.02,0,0.1,1900000.0
Joe Rodon,828640,Leeds United,34,DC,Centerback,2953,208,6.34,6.93,9,0.27,0.3,0.058,0.026,0.448,0,0.57,2,1.41,18800000.0
Jake O'Brien,998253,Everton,48,DR,Fullback,3131,329,9.46,10.84,18,0.52,0.6,0.094,0.052,0.553,1,0.99,1,1.74,16500000.0
Florentino Luís,855845,Burnley,6,MC,Midfielder,2118,195,8.29,9.8,15,0.64,0.76,0.056,0.05,0.893,2,0.55,0,0.66,15500000.0
Vitaliy Mykolenko,876643,Everton,48,DL,Fullback,2960,280,8.51,9.75,24,0.73,0.84,0.08,0.069,0.862,1,2.46,0,0.29,26000000.0
Manuel Ugarte,846425,Manchester United,35,MC,Midfielder,900,102,10.2,9.85,3,0.3,0.29,0.027,0.006,0.222,0,0.2,0,0.71,24000000.0
James Milner,791,Brighton & Hove Albion,30,MC,Midfielder,802,76,8.53,7.89,9,1.01,0.93,0.021,0.022,1.048,1,0.63,1,1.02,0.0
Lukas Nmecha,803185,Leeds United,34,ST,Striker,1092,128,10.55,11.53,12,0.99,1.08,0.036,0.034,0.944,1,1.56,6,7.23,9100000.0
Jacob Ramsey,975937,Newcastle United,39,LW,Winger,1465,116,7.13,6.78,25,1.54,1.46,0.032,0.064,2.0,3,1.43,2,1.19,36000000.0
Conor Gallagher,904970,Tottenham Hotspur,33,MC,Midfielder,1196,112,8.43,8.37,14,1.05,1.04,0.031,0.04,1.29,1,0.72,1,1.07,31000000.0
Dominic Calvert-Lewin,372344,Leeds United,34,ST,Striker,2726,316,10.43,11.4,21,0.69,0.75,0.088,0.06,0.682,1,1.09,14,15.81,24000000.0
Luca Netz,979144,Nottingham Forest,14,DL,Fullback,355,19,4.82,5.15,2,0.51,0.55,0.006,0.005,0.833,0,0.42,0,0.0,7700000.0
Danny Welbeck,33902,Brighton & Hove Albion,30,ST,Striker,2268,192,7.62,7.05,21,0.83,0.77,0.052,0.052,1.0,1,1.4,13,12.44,3100000.0
Oliver Sonne,1008456,Burnley,6,DR,Fullback,165,26,14.18,16.77,1,0.55,0.65,0.007,0.003,0.429,0,0.09,1,0.55,4099999.0
Raúl Jiménez,192442,Fulham,43,ST,Striker,2206,308,12.57,12.15,28,1.14,1.1,0.085,0.073,0.859,3,0.93,9,11.5,3200000.0
Marcus Edwards,795066,Burnley,6,RW,Winger,1073,134,11.24,13.29,23,1.93,2.28,0.038,0.076,2.0,3,1.85,1,1.49,6600000.0
Habib Diarra,1128532,Sunderland,41,MC,Midfielder,1407,135,8.64,9.63,9,0.58,0.65,0.04,0.031,0.775,2,0.83,2,3.41,37000000.0
Hugo Bueno,1013928,Wolverhampton,3,DL,Fullback,2375,259,9.81,11.45,40,1.52,1.77,0.082,0.146,1.78,2,3.51,1,0.86,13000000.0
Jadon Sancho,851100,Aston Villa,40,LW,Winger,891,94,9.49,8.86,23,2.32,2.17,0.029,0.057,1.966,2,1.94,0,0.58,17500000.0
Nick Woltemade,980623,Newcastle United,39,ST,Striker,1939,187,8.68,8.25,25,1.16,1.1,0.052,0.064,1.231,3,1.53,8,6.59,59000000.0
Hjalmar Ekdal,875360,Burnley,6,DC,Centerback,1539,114,6.67,7.89,4,0.23,0.27,0.033,0.013,0.394,0,0.27,0,0.26,4700000.0
Victor Lindelöf,143334,Aston Villa,40,DC,Centerback,985,42,3.84,3.59,3,0.27,0.25,0.013,0.007,0.538,1,0.12,0,0.28,4800000.0
Kyle Walker-Peters,823085,West Ham United,37,DR,Fullback,1396,116,7.48,8.79,7,0.45,0.53,0.034,0.023,0.676,0,0.38,1,1.13,11200000.0
Emile Smith Rowe,867445,Fulham,43,AM,Midfielder,1943,164,7.6,7.35,18,0.83,0.8,0.045,0.047,1.044,0,1.11,3,4.77,18300000.0
Reinildo Mandava,831424,Sunderland,41,DL,Fullback,1969,144,6.58,7.34,7,0.32,0.36,0.043,0.024,0.558,1,0.7,0,0.18,4099999.0
Keane Lewis-Potter,972421,Brentford,50,DL,Fullback,1990,201,9.09,9.55,22,0.99,1.04,0.054,0.066,1.222,3,2.5,3,3.04,24000000.0
Benoît Badiashile,904827,Chelsea,38,DC,Centerback,471,31,5.92,5.13,0,0.0,0.0,0.009,0.0,0.0,0,0.07,0,0.0,14500000.0
Jack Hinshelwood,1142315,Brighton & Hove Albion,30,MC,Midfielder,1750,162,8.33,7.7,18,0.93,0.86,0.044,0.045,1.023,3,2.34,4,4.92,27000000.0
Myles Lewis-Skelly,1423711,Arsenal,42,DL,Fullback,722,43,5.36,4.77,4,0.5,0.45,0.012,0.009,0.75,0,0.2,0,0.11,48000000.0
Fabio Carvalho,991604,Brentford,50,AM,Midfielder,128,10,7.03,7.38,0,0.0,0.0,0.003,0.0,0.0,0,0.03,1,0.7,7800000.0
Rico Lewis,1136731,Manchester City,17,DR,Fullback,423,57,12.13,10.02,8,1.7,1.4,0.014,0.015,1.071,1,1.39,0,0.19,26000000.0
Leny Yoro,1153315,Manchester United,35,DC,Centerback,1748,129,6.64,6.41,4,0.21,0.2,0.034,0.008,0.235,0,0.63,0,1.39,46000000.0
Callum Wilson,113956,West Ham United,37,ST,Striker,1262,128,9.13,10.73,9,0.64,0.75,0.037,0.029,0.784,1,0.55,7,7.66,4300000.0
Marc Cucurella,794939,Chelsea,38,DL,Fullback,2710,206,6.84,5.92,43,1.43,1.24,0.063,0.103,1.635,4,3.21,1,2.35,62000000.0
David Brooks,855731,Bournemouth,60,RW,Winger,1220,184,13.57,13.52,29,2.14,2.13,0.049,0.078,1.592,3,3.3,1,5.83,11000000.0
Saša Lukić,371222,Fulham,43,MC,Midfielder,1734,137,7.11,6.87,30,1.56,1.51,0.038,0.078,2.053,2,1.91,1,2.26,9400000.0
Lorenzo Lucca,962364,Nottingham Forest,14,ST,Striker,135,14,9.33,9.98,1,0.67,0.72,0.004,0.003,0.75,0,0.01,1,0.79,22000000.0
Donyell Malen,803039,Aston Villa,40,ST,Striker,680,73,9.66,9.02,8,1.06,0.99,0.022,0.02,0.909,1,0.34,4,4.07,48000000.0
Tyrone Mings,303638,Aston Villa,40,DC,Centerback,1323,110,7.48,6.98,5,0.34,0.32,0.033,0.012,0.364,0,0.42,0,1.37,3200000.0
Georginio Rutter,946695,Brighton & Hove Albion,30,AM,Midfielder,1804,271,13.52,12.5,28,1.4,1.29,0.074,0.069,0.932,3,2.93,3,3.02,31000000.0
Jamie Gittens,1140599,Chelsea,38,LW,Winger,495,53,9.64,8.35,11,2.0,1.73,0.016,0.026,1.625,2,0.93,0,0.82,29000000.0
Marshall Munetsi,894733,Wolverhampton,3,MC,Midfielder,877,91,9.34,10.91,4,0.41,0.48,0.029,0.015,0.517,1,0.38,1,1.61,15500000.0
Dennis Cirkin,1014987,Sunderland,41,DL,Fullback,329,29,7.93,8.84,0,0.0,0.0,0.009,0.0,0.0,0,0.03,0,0.08,5600000.0
Wilson Isidor,877980,Sunderland,41,ST,Striker,1173,129,9.9,11.04,0,0.0,0.0,0.039,0.0,0.0,0,0.39,6,4.75,18500000.0
Dan Ndoye,944327,Nottingham Forest,14,LW,Winger,1176,115,8.8,9.41,15,1.15,1.23,0.033,0.04,1.212,1,1.54,1,1.06,31000000.0
Frank Onyeka,885864,Brentford,50,MC,Midfielder,88,10,10.23,10.74,2,2.05,2.15,0.003,0.006,2.0,1,0.37,0,0.0,7700000.0
Carlos Baleba,1199043,Brighton & Hove Albion,30,MC,Midfielder,1677,156,8.37,7.74,9,0.48,0.44,0.042,0.022,0.524,0,0.76,0,0.75,53000000.0
Yerson Mosquera,1014835,Wolverhampton,3,DC,Centerback,2142,204,8.57,10.01,11,0.46,0.54,0.064,0.04,0.625,0,0.69,0,2.52,13000000.0
Ki-Jana Hoever,954044,Wolverhampton,3,DR,Fullback,428,55,11.57,13.51,5,1.05,1.23,0.017,0.018,1.059,0,0.36,0,0.02,3300000.0
Harrison Armstrong,1627560,Everton,48,MC,Midfielder,537,59,9.89,11.33,4,0.67,0.77,0.017,0.011,0.647,0,0.21,0,0.79,12400000.0
Malo Gusto,996958,Chelsea,38,DR,Fullback,2267,207,8.22,7.12,31,1.23,1.07,0.063,0.074,1.175,3,2.99,2,1.56,36000000.0
Maxime Estève,1117223,Burnley,6,DC,Centerback,2937,192,5.88,6.95,7,0.21,0.25,0.055,0.023,0.418,0,0.66,0,0.72,26000000.0
Gabriel Gudmundsson,834308,Leeds United,34,DL,Fullback,2642,306,10.42,11.39,21,0.72,0.79,0.086,0.06,0.698,0,2.75,0,1.1,21000000.0
Brajan Gruda,1198075,Brighton & Hove Albion,30,RW,Winger,740,120,14.59,13.49,17,2.07,1.91,0.033,0.042,1.273,1,0.88,1,1.72,29000000.0
Chris Rigg,1394089,Sunderland,41,MC,Midfielder,773,83,9.66,10.77,10,1.16,1.29,0.025,0.034,1.36,1,1.15,1,0.84,24000000.0
Conor Bradley,1008402,Liverpool FC,44,DR,Fullback,932,111,10.72,9.05,5,0.48,0.41,0.029,0.01,0.345,1,0.94,0,0.24,27000000.0
Jair,1170722,Nottingham Forest,14,DC,Centerback,525,50,8.57,9.16,1,0.17,0.18,0.015,0.003,0.2,0,0.07,0,0.29,15500000.0
Shea Lacey,1465865,Manchester United,35,RW,Winger,51,8,14.12,13.63,0,0.0,0.0,0.002,0.0,0.0,0,0.01,0,0.1,5200000.0
Arthur Masuaku,174975,Sunderland,41,DL,Fullback,127,13,9.21,10.27,1,0.71,0.79,0.004,0.003,0.75,0,0.08,0,0.07,1900000.0
Rodrigo Gomes,1006073,Wolverhampton,3,MR,Fullback,978,118,10.86,12.68,4,0.37,0.43,0.037,0.015,0.405,0,0.42,3,2.15,14600000.0
Bafodé Diakité,962408,Bournemouth,60,DC,Centerback,1286,92,6.44,6.42,3,0.21,0.21,0.025,0.008,0.32,0,0.18,0,0.02,23000000.0
Brian Brobbey,910048,Sunderland,41,ST,Striker,1944,156,7.22,8.05,16,0.74,0.83,0.047,0.055,1.17,1,0.68,7,5.94,42000000.0
Chemsdine Talbi,1142675,Sunderland,41,RW,Winger,1561,131,7.55,8.42,13,0.75,0.84,0.039,0.045,1.154,1,1.19,4,2.13,23000000.0
Wilfried Gnonto,998951,Leeds United,34,RW,Winger,535,79,13.29,14.53,10,1.68,1.84,0.022,0.028,1.273,1,0.72,0,0.41,17300000.0
Gabriel Martinelli,922573,Arsenal,42,LW,Winger,1079,143,11.93,10.63,17,1.42,1.26,0.04,0.037,0.925,4,1.26,1,3.99,42000000.0
Dwight McNeil,935543,Everton,48,ML,Fullback,1188,109,8.26,9.47,16,1.21,1.39,0.031,0.046,1.484,1,1.92,0,1.39,18800000.0
Eddie Nketiah,858194,Crystal Palace,7,ST,Striker,416,54,11.68,12.72,7,1.51,1.64,0.014,0.021,1.5,0,0.48,2,1.77,10300000.0
Mohamadou Kanté,1523623,West Ham United,37,MC,Midfielder,111,15,12.16,14.3,1,0.81,0.95,0.004,0.003,0.75,0,0.05,0,0.09,905000.0
Stefanos Tzimas,1155321,Brighton & Hove Albion,30,ST,Striker,164,21,11.52,10.65,7,3.84,3.55,0.006,0.017,2.833,1,0.12,1,0.46,18500000.0
Kristoffer Ajer,576384,Brentford,50,DC,Centerback,1820,165,8.16,8.57,5,0.25,0.26,0.045,0.015,0.333,1,0.72,0,0.78,24000000.0
Jayden Bogle,929132,Leeds United,34,DR,Fullback,2809,300,9.61,10.51,23,0.74,0.81,0.084,0.065,0.774,2,3.16,1,2.11,16000000.0
Guido Rodríguez,609752,West Ham United,37,MC,Midfielder,177,9,4.58,5.38,0,0.0,0.0,0.003,0.0,0.0,0,0.04,0,0.03,4200000.0
Beto,987489,Everton,48,ST,Striker,1613,179,9.99,11.45,13,0.73,0.84,0.051,0.037,0.725,1,0.22,9,8.91,19300000.0
Taiwo Awoniyi,359664,Nottingham Forest,14,ST,Striker,502,37,6.63,7.09,7,1.25,1.34,0.011,0.019,1.727,1,0.77,4,3.58,7600000.0
Luke O'Nien,365812,Sunderland,41,DC,Centerback,591,45,6.85,7.64,3,0.46,0.51,0.013,0.01,0.769,1,0.14,0,0.15,660000.0
Brennan Johnson,1085180,Crystal Palace,7,RW,Winger,1752,185,9.5,10.34,20,1.03,1.12,0.049,0.061,1.245,1,1.31,2,2.43,32000000.0
Evanilson,998490,Bournemouth,60,ST,Striker,2759,234,7.63,7.6,32,1.04,1.04,0.063,0.086,1.365,1,1.49,6,10.59,33000000.0
Jhon Arias,844096,Wolverhampton,3,RW,Winger,1121,96,7.71,9.0,11,0.88,1.03,0.03,0.04,1.333,0,0.62,1,3.25,16100000.0
Joshua King,1546231,Fulham,43,AM,Midfielder,1310,136,9.34,9.03,17,1.17,1.13,0.038,0.044,1.158,2,0.65,1,2.47,26000000.0
Viktor Gyökeres,804508,Arsenal,42,ST,Striker,2254,230,9.18,8.18,21,0.84,0.75,0.064,0.046,0.719,1,1.94,14,12.4,61000000.0
Daniel James,828639,Leeds United,34,RW,Winger,566,74,11.77,12.87,9,1.43,1.56,0.021,0.026,1.238,0,0.73,0,0.91,10600000.0
Kyle Walker,44614,Burnley,6,DR,Fullback,3097,358,10.4,12.3,15,0.44,0.52,0.103,0.05,0.485,2,1.34,0,0.16,1400000.0
Aaron Hickey,966869,Brentford,50,DR,Fullback,716,58,7.29,7.66,0,0.0,0.0,0.016,0.0,0.0,0,0.14,0,0.46,16500000.0
Lucas Bergvall,1391251,Tottenham Hotspur,33,MC,Midfielder,979,84,7.72,7.66,8,0.74,0.73,0.023,0.023,1.0,3,0.43,1,1.4,36000000.0
Wilson Odobert,1142679,Tottenham Hotspur,33,RW,Winger,990,109,9.91,9.84,22,2.0,1.99,0.03,0.063,2.1,2,1.22,0,1.9,18500000.0
Aaron Wan-Bissaka,863653,West Ham United,37,DR,Fullback,2084,204,8.81,10.36,20,0.86,1.01,0.059,0.064,1.085,2,1.0,0,0.0,14100000.0
Adam Armstrong,361352,Wolverhampton,3,ST,Striker,1146,83,6.52,7.61,8,0.63,0.74,0.026,0.029,1.115,2,0.86,2,2.74,6500000.0
Miloš Kerkez,1097425,Liverpool FC,44,DL,Fullback,2301,183,7.16,6.05,27,1.06,0.9,0.048,0.053,1.104,1,0.7,2,1.59,36000000.0
Tammy Abraham,610766,Aston Villa,40,ST,Striker,294,29,8.88,8.29,4,1.22,1.14,0.009,0.01,1.111,0,0.36,2,2.04,16500000.0
Nicolò Savona,1010220,Nottingham Forest,14,DR,Fullback,1026,95,8.33,8.91,7,0.61,0.65,0.028,0.019,0.679,0,0.44,2,1.34,14600000.0
Issa Diop,825719,Fulham,43,DC,Centerback,827,63,6.86,6.63,0,0.0,0.0,0.017,0.0,0.0,0,0.05,1,0.8,8199999.0
David Møller Wolfe,1031283,Wolverhampton,3,DL,Fullback,1061,75,6.36,7.43,10,0.85,0.99,0.024,0.036,1.5,2,1.08,0,0.12,11000000.0
Odsonne Édouard,795228,Crystal Palace,7,ST,Striker,8,0,0.0,0.0,0,0.0,0.0,0.0,0.0,0.0,0,0.0,0,0.0,11300000.0
Tyler Fredricson,1142182,Manchester United,35,DC,Centerback,10,1,9.0,8.69,0,0.0,0.0,0.0,0.0,0.0,0,0.0,0,0.0,2800000.0
Jota Silva,1011895,Nottingham Forest,14,RW,Winger,11,0,0.0,0.0,0,0.0,0.0,0.0,0.0,0.0,0,0.0,0,0.0,10700000.0
Jamaldeen Jimoh,1410178,Aston Villa,40,LW,Winger,8,1,11.25,10.5,0,0.0,0.0,0.0,0.0,0.0,0,0.0,0,0.0,545000.0
Callum Olusesi,1403190,Tottenham Hotspur,33,MC,Midfielder,14,0,0.0,0.0,0,0.0,0.0,0.0,0.0,0.0,0,0.01,0,0.0,4800000.0
Tyler Fletcher,1402850,Manchester United,35,MC,Midfielder,17,1,5.29,5.11,0,0.0,0.0,0.0,0.0,0.0,0,0.01,0,0.0,1600000.0
Tawanda Chirewa,1005725,Wolverhampton,3,RW,Winger,31,0,0.0,0.0,0,0.0,0.0,0.0,0.0,0.0,0,0.0,0,0.0,440000.0
Tyrell Malacia,825839,Manchester United,35,DL,Fullback,32,3,8.44,8.15,0,0.0,0.0,0.001,0.0,0.0,0,0.0,0,0.0,4200000.0
Dan Neil,964106,Sunderland,41,MC,Midfielder,13,1,6.92,7.72,0,0.0,0.0,0.0,0.0,0.0,0,0.0,0,0.0,4800000.0
Andy Irving,845464,West Ham United,37,MC,Midfielder,163,12,6.63,7.79,3,1.66,1.95,0.003,0.01,3.333,0,0.18,0,0.0,4800000.0
Romelle Donovan,1586020,Brentford,50,RW,Winger,38,13,30.79,32.34,1,2.37,2.49,0.004,0.003,0.75,0,0.02,0,0.1,3700000.0
Alysson,1631879,Aston Villa,40,RW,Winger,56,4,6.43,6.0,0,0.0,0.0,0.001,0.0,0.0,0,0.05,0,0.05,10800000.0
Solly March,301288,Brighton & Hove Albion,30,RW,Winger,60,6,9.0,8.32,0,0.0,0.0,0.002,0.0,0.0,0,0.02,0,0.04,1000000.0
George Hemmings,1398204,Aston Villa,40,MC,Midfielder,25,1,3.6,3.36,0,0.0,0.0,0.0,0.0,0.0,0,0.01,0,0.04,860000.0
Archie Gray,1142335,Tottenham Hotspur,33,MC,Midfielder,1500,128,7.68,7.62,10,0.6,0.6,0.036,0.029,0.806,2,1.18,2,1.48,34000000.0
Josh Acheampong,1403050,Chelsea,38,DR,Fullback,700,53,6.81,5.9,2,0.26,0.23,0.016,0.005,0.312,0,0.14,1,0.63,24000000.0
Anthony Elanga,979232,Newcastle United,39,RW,Winger,1338,146,9.82,9.33,16,1.08,1.03,0.04,0.041,1.025,1,1.76,0,1.67,31000000.0
Gabriel Jesus,794839,Arsenal,42,ST,Striker,421,63,13.47,12.0,3,0.64,0.57,0.017,0.007,0.412,0,0.27,3,2.69,17600000.0
Lamare Bogarde,1089388,Aston Villa,40,MC,Midfielder,1104,67,5.46,5.1,2,0.16,0.15,0.02,0.005,0.25,0,0.21,0,0.0,17500000.0
Yves Bissouma,844842,Tottenham Hotspur,33,MC,Midfielder,605,49,7.29,7.24,0,0.0,0.0,0.014,0.0,0.0,0,0.12,0,0.36,9200000.0
Djed Spence,945798,Tottenham Hotspur,33,DL,Fullback,2079,254,11.0,10.92,10,0.43,0.43,0.071,0.029,0.408,0,1.78,0,0.9,41000000.0
Federico Chiesa,845386,Liverpool FC,44,ST,Striker,400,62,13.95,11.78,4,0.9,0.76,0.016,0.008,0.5,1,0.61,2,1.5,11900000.0
Chris Wood,50480,Nottingham Forest,14,ST,Striker,906,75,7.45,7.97,5,0.5,0.53,0.022,0.013,0.591,0,0.32,3,4.25,5200000.0
Tyrique George,1403061,Everton,48,LW,Winger,370,48,11.68,13.39,3,0.73,0.84,0.014,0.009,0.643,0,1.18,0,0.63,21000000.0
Leon Bailey,808590,Aston Villa,40,RW,Winger,466,70,13.52,12.62,13,2.51,2.34,0.021,0.032,1.524,1,1.46,0,0.49,13100000.0
Igor Jesus,981619,Nottingham Forest,14,ST,Striker,2320,266,10.32,11.04,19,0.74,0.79,0.077,0.05,0.649,4,1.27,6,6.64,26000000.0
Ezra Mayers,1652590,West Ham United,37,DC,Centerback,134,15,10.07,11.84,2,1.34,1.58,0.004,0.006,1.5,0,0.49,0,0.12,1800000.0
Christian Nørgaard,135256,Arsenal,42,MC,Midfielder,108,13,10.83,9.65,0,0.0,0.0,0.004,0.0,0.0,0,0.04,0,0.08,4800000.0
Dan Burn,99090,Newcastle United,39,DC,Centerback,2209,235,9.57,9.1,9,0.37,0.35,0.065,0.023,0.354,2,0.4,1,1.06,4099999.0
Ian Maatsen,976263,Aston Villa,40,DL,Fullback,1615,173,9.64,9.0,27,1.5,1.4,0.053,0.067,1.264,1,2.41,0,1.3,28000000.0
Reiss Nelson,826139,Brentford,50,RW,Winger,152,22,13.03,13.68,3,1.78,1.87,0.006,0.009,1.5,1,0.12,0,0.71,8800000.0
Nathaniel Clyne,43215,Crystal Palace,7,DR,Fullback,604,44,6.56,7.14,4,0.6,0.65,0.012,0.012,1.0,1,0.68,0,0.43,280000.0
Jack Harrison,829570,Leeds United,34,RW,Winger,263,34,11.63,12.71,2,0.68,0.74,0.01,0.006,0.6,0,0.24,0,0.28,7000000.0
Hwang Hee-chan,786186,Wolverhampton,3,ST,Striker,1461,139,8.56,10.0,17,1.05,1.23,0.044,0.062,1.409,2,1.58,2,2.39,5500000.0
Romain Esse,1438837,Crystal Palace,7,RW,Winger,54,10,16.67,18.15,0,0.0,0.0,0.003,0.0,0.0,0,0.04,0,0.0,10900000.0
John Stones,152077,Manchester City,17,DC,Centerback,449,21,4.21,3.48,1,0.2,0.17,0.005,0.002,0.4,0,0.09,0,0.0,10900000.0
Ryan Sessegnon,836698,Fulham,43,DL,Fullback,1822,210,10.37,10.03,15,0.74,0.72,0.058,0.039,0.672,1,1.81,3,1.61,21000000.0
Alexander Isak,823941,Liverpool FC,44,ST,Striker,714,66,8.32,7.03,3,0.38,0.32,0.017,0.006,0.353,1,0.1,3,2.65,88000000.0
Pedro Lima,1597270,Wolverhampton,3,DR,Fullback,271,30,9.96,11.63,3,1.0,1.17,0.009,0.011,1.222,0,0.37,0,0.34,3900000.0
Joe Worrall,838399,Burnley,6,DC,Centerback,517,31,5.4,6.38,0,0.0,0.0,0.009,0.0,0.0,0,0.02,0,0.08,1900000.0
Chadi Riad,1064218,Crystal Palace,7,DC,Centerback,554,58,9.42,10.26,2,0.32,0.35,0.015,0.006,0.4,1,0.13,0,0.33,19400000.0
Jack Fletcher,1402726,Manchester United,35,MC,Midfielder,107,13,10.93,10.55,2,1.68,1.62,0.003,0.004,1.333,0,0.03,0,0.03,1600000.0
Tolu Arokodare,987734,Wolverhampton,3,ST,Striker,1438,190,11.89,13.88,13,0.81,0.95,0.06,0.047,0.783,1,0.45,3,5.46,18200000.0
Loum Tchaouna,1004505,Burnley,6,RW,Winger,1316,139,9.51,11.24,14,0.96,1.14,0.04,0.047,1.175,1,0.93,2,1.25,13800000.0
Tyler Dibling,1174472,Everton,48,RW,Winger,371,42,10.19,11.68,4,0.97,1.11,0.012,0.011,0.917,0,0.16,0,0.2,15700000.0
Oliver Scarles,1150952,West Ham United,37,ML,Fullback,668,64,8.62,10.13,5,0.67,0.79,0.019,0.016,0.842,0,0.31,0,0.18,9100000.0
Joe Willock,888550,Newcastle United,39,MC,Midfielder,1011,96,8.55,8.13,16,1.42,1.35,0.026,0.041,1.577,2,1.1,0,1.26,14500000.0
Justin Kluivert,851596,Bournemouth,60,AM,Midfielder,951,112,10.6,10.56,21,1.99,1.98,0.03,0.056,1.867,0,1.53,2,2.32,24000000.0
Max Kilman,894474,West Ham United,37,DC,Centerback,1565,96,5.52,6.49,4,0.23,0.27,0.028,0.013,0.464,0,0.31,0,0.57,12600000.0
Evann Guessand,930245,Crystal Palace,7,ST,Striker,933,97,9.36,10.19,7,0.68,0.74,0.026,0.021,0.808,2,1.02,1,1.56,24000000.0
Jackson Tchatchoua,1096210,Wolverhampton,3,DR,Fullback,1855,147,7.13,8.33,22,1.07,1.25,0.046,0.08,1.739,1,1.69,0,0.33,13200000.0
Rodrigo Muniz,1015256,Fulham,43,ST,Striker,997,127,11.46,11.08,9,0.81,0.78,0.035,0.023,0.657,1,0.14,1,3.34,22000000.0
James McAtee,1003334,Nottingham Forest,14,AM,Midfielder,321,38,10.65,11.39,7,1.96,2.1,0.011,0.019,1.727,1,0.37,0,0.17,16200000.0
Lucas Pires,1136896,Burnley,6,DL,Fullback,1406,128,8.19,9.68,20,1.28,1.51,0.037,0.066,1.784,0,1.48,0,0.58,4300000.0
Josh Dasilva,856260,Brentford,50,MC,Midfielder,21,2,8.57,9.0,1,4.29,4.51,0.001,0.003,3.0,0,0.0,0,0.08,1500000.0
Dilane Bakwa,963298,Nottingham Forest,14,RW,Winger,552,68,11.09,11.86,13,2.12,2.27,0.02,0.034,1.7,2,1.01,0,0.55,26000000.0
Jean-Clair Todibo,945217,West Ham United,37,DC,Centerback,1817,107,5.3,6.23,6,0.3,0.35,0.031,0.019,0.613,1,0.33,0,0.24,24000000.0
Matt Doherty,143047,Wolverhampton,3,DR,Fullback,791,64,7.28,8.5,3,0.34,0.4,0.02,0.011,0.55,0,0.18,0,0.09,1000000.0
Destiny Udogie,983572,Tottenham Hotspur,33,DL,Fullback,1340,113,7.59,7.53,13,0.87,0.86,0.031,0.037,1.194,1,0.75,0,0.19,28000000.0
Séamus Coleman,76632,Everton,48,DR,Fullback,39,0,0.0,0.0,1,2.31,2.65,0.0,0.003,0.0,0,0.16,0,0.0,220000.0
Thierno Barry,1395746,Everton,48,ST,Striker,1932,225,10.48,12.01,12,0.56,0.64,0.064,0.034,0.531,0,0.47,8,8.15,31000000.0
Axel Tuanzebe,817979,Burnley,6,DC,Centerback,1202,90,6.74,7.97,0,0.0,0.0,0.026,0.0,0.0,0,0.14,1,0.61,4600000.0
Jorrel Hato,1153079,Chelsea,38,DL,Fullback,1159,75,5.82,5.04,8,0.62,0.54,0.023,0.019,0.826,0,0.63,0,0.31,41000000.0
Merlin Röhl,1064082,Everton,48,MC,Midfielder,694,72,9.34,10.7,6,0.78,0.89,0.021,0.017,0.81,0,0.32,1,0.78,14700000.0
Facundo Buonanotte,1117025,Leeds United,34,RW,Winger,86,10,10.47,11.45,3,3.14,3.43,0.003,0.009,3.0,0,0.28,0,0.06,10900000.0
Fer López,1526628,Wolverhampton,3,MC,Midfielder,236,43,16.4,19.15,4,1.53,1.79,0.014,0.015,1.071,1,0.61,0,0.16,17500000.0
Radu Drăguşin,997103,Tottenham Hotspur,33,DC,Centerback,541,59,9.82,9.75,0,0.0,0.0,0.016,0.0,0.0,0,0.02,0,0.32,14800000.0
Jacob Bruun Larsen,809276,Burnley,6,LW,Winger,1038,107,9.28,10.97,13,1.13,1.34,0.031,0.043,1.387,1,1.17,0,1.38,4400000.0
Joe Gomez,318927,Liverpool FC,44,DC,Centerback,644,79,11.04,9.32,8,1.12,0.95,0.021,0.016,0.762,2,0.66,0,0.27,12600000.0
Harvey Elliott,955245,Aston Villa,40,MC,Midfielder,117,18,13.85,12.93,1,0.77,0.72,0.005,0.002,0.4,0,0.09,0,0.29,21000000.0
Eliezer Mayenda,1168588,Sunderland,41,ST,Striker,770,84,9.82,10.95,4,0.47,0.52,0.025,0.014,0.56,0,0.21,2,2.15,16600000.0
Toti Gomes,973418,Wolverhampton,3,DC,Centerback,1427,127,8.01,9.35,6,0.38,0.44,0.04,0.022,0.55,0,0.31,0,0.53,18700000.0
Justin Devenny,1084311,Crystal Palace,7,MC,Midfielder,830,103,11.17,12.16,7,0.76,0.83,0.027,0.021,0.778,0,0.38,1,2.62,11500000.0
Joshua Zirkzee,917007,Manchester United,35,ST,Striker,666,105,14.19,13.7,12,1.62,1.56,0.028,0.024,0.857,1,0.35,2,2.95,21000000.0
Nilson Angulo,1116571,Sunderland,41,LW,Winger,413,42,9.15,10.2,3,0.65,0.72,0.013,0.01,0.769,0,0.11,0,0.78,16500000.0
Adam Smith,44566,Bournemouth,60,DR,Fullback,1095,82,6.74,6.72,7,0.58,0.58,0.022,0.019,0.864,2,0.25,0,0.0,310000.0
Adama Traoré,286165,West Ham United,37,RW,Winger,450,52,10.4,12.23,3,0.6,0.71,0.015,0.01,0.667,0,0.58,0,0.69,5700000.0
Simon Adingra,1110842,Sunderland,41,LW,Winger,665,76,10.29,11.47,7,0.95,1.06,0.023,0.024,1.043,0,0.61,1,0.35,23000000.0
Hamed Junior Traorè,892924,Bournemouth,60,AM,Midfielder,16,0,0.0,0.0,2,11.25,11.21,0.0,0.005,0.0,1,0.0,0,0.0,14100000.0
Carlos Alcaraz,1017392,Everton,48,MC,Midfielder,730,93,11.47,13.14,11,1.36,1.56,0.027,0.032,1.185,1,0.54,0,1.24,14600000.0
Bendito Mantato,1545190,Manchester United,35,RW,Winger,15,0,0.0,0.0,1,6.0,5.79,0.0,0.002,0.0,0,0.01,0,0.0,360000.0
Divine Mukasa,1467990,Manchester City,17,MC,Midfielder,25,3,10.8,8.93,2,7.2,5.95,0.001,0.004,4.0,0,0.21,0,0.0,4900000.0
Andrés García,1457536,Aston Villa,40,DR,Fullback,105,1,0.86,0.8,0,0.0,0.0,0.0,0.0,0.0,0,0.01,0,0.0,6500000.0
Romaine Mundle,1094440,Sunderland,41,LW,Winger,412,44,9.61,10.72,1,0.22,0.25,0.013,0.003,0.231,0,0.47,0,0.86,6800000.0
Tom Watson,1167066,Brighton & Hove Albion,30,LW,Winger,73,6,7.4,6.84,0,0.0,0.0,0.002,0.0,0.0,0,0.04,0,0.04,7500000.0
Enes Ünal,336655,Bournemouth,60,ST,Striker,259,44,15.29,15.24,1,0.35,0.35,0.012,0.003,0.25,0,0.07,1,2.0,6800000.0
Ben Gannon-Doak,1154861,Bournemouth,60,RW,Winger,122,20,14.75,14.7,2,1.48,1.47,0.005,0.005,1.0,1,0.12,0,0.26,14600000.0
Alex Tóth,1476524,Bournemouth,60,MC,Midfielder,185,15,7.3,7.27,5,2.43,2.42,0.004,0.013,3.25,0,0.33,0,0.11,13100000.0
Randal Kolo Muani,871706,Tottenham Hotspur,33,ST,Striker,1670,192,10.35,10.27,21,1.13,1.12,0.053,0.06,1.132,1,1.77,1,2.18,18200000.0
Lyle Foster,901907,Burnley,6,ST,Striker,1372,148,9.71,11.48,12,0.79,0.93,0.042,0.04,0.952,2,0.49,3,3.25,8300000.0
Luís Guilherme,1016893,West Ham United,37,LW,Winger,121,13,9.67,11.37,1,0.74,0.87,0.004,0.003,0.75,0,0.04,0,0.07,12500000.0
Liam Delap,997087,Chelsea,38,ST,Striker,1139,118,9.32,8.07,3,0.24,0.21,0.036,0.007,0.194,0,0.22,1,4.47,26000000.0
Zeki Amdouni,990550,Burnley,6,ST,Striker,69,8,10.43,12.33,0,0.0,0.0,0.002,0.0,0.0,0,0.02,0,0.24,7600000.0
Pablo Felipe,1101174,West Ham United,37,ST,Striker,826,87,9.48,11.15,15,1.63,1.92,0.025,0.048,1.92,1,1.12,0,1.05,18500000.0
Mike Trésor,826183,Burnley,6,LW,Winger,63,6,8.57,10.13,1,1.43,1.69,0.002,0.003,1.5,0,0.0,0,0.0,2100000.0
Jonah Kusi-Asare,1503757,Fulham,43,ST,Striker,79,5,5.7,5.51,1,1.14,1.1,0.001,0.003,3.0,0,0.01,0,0.0,3300000.0
Trey Nyoni,1445945,Liverpool FC,44,MC,Midfielder,47,4,7.66,6.47,1,1.91,1.61,0.001,0.002,2.0,0,0.02,0,0.37,8500000.0
Quilindschy Hartman,1392044,Burnley,6,DL,Fullback,1830,201,9.89,11.69,25,1.23,1.45,0.058,0.083,1.431,5,1.99,0,0.34,15500000.0
Christantus Uche,1884145,Crystal Palace,7,ST,Striker,193,37,17.25,18.78,0,0.0,0.0,0.01,0.0,0.0,0,0.03,0,0.49,13200000.0
Yoane Wissa,805123,Newcastle United,39,ST,Striker,539,58,9.68,9.2,5,0.83,0.79,0.016,0.013,0.812,1,0.56,1,3.12,23000000.0
Josh Laurent,552036,Burnley,6,MC,Midfielder,1783,180,9.09,10.75,12,0.61,0.72,0.052,0.04,0.769,0,0.49,1,0.85,1500000.0
Dane Scarlett,998772,Tottenham Hotspur,33,ST,Striker,21,3,12.86,12.77,0,0.0,0.0,0.001,0.0,0.0,0,0.01,0,0.0,1400000.0
Sam Byram,254713,Leeds United,34,DL,Fullback,18,3,15.0,16.4,0,0.0,0.0,0.001,0.0,0.0,0,0.0,0,0.0,390000.0
Joel Drakes-Thomas,2007717,Crystal Palace,7,MR,Fullback,25,3,10.8,11.76,0,0.0,0.0,0.001,0.0,0.0,0,0.0,0,0.0,1400000.0
Joël Piroe,850823,Leeds United,34,ST,Striker,315,39,11.14,12.18,1,0.29,0.32,0.011,0.003,0.273,0,0.13,0,0.96,9100000.0
Rico Henry,599128,Brentford,50,DL,Fullback,1334,140,9.45,9.92,5,0.34,0.36,0.038,0.015,0.395,1,0.55,0,0.18,13800000.0
Harry Howell,1627806,Brighton & Hove Albion,30,RW,Winger,93,8,7.74,7.16,0,0.0,0.0,0.002,0.0,0.0,0,0.03,0,0.0,7300000.0
Ashley Barnes,27028,Burnley,6,ST,Striker,92,13,12.72,15.04,0,0.0,0.0,0.004,0.0,0.0,0,0.04,0,0.25,145000.0
Armando Broja,996985,Burnley,6,ST,Striker,874,98,10.09,11.93,6,0.62,0.73,0.028,0.02,0.714,1,0.23,1,2.15,4500000.0
Shumaira Mheuka,1402787,Chelsea,38,ST,Striker,9,1,10.0,8.66,0,0.0,0.0,0.0,0.0,0.0,0,0.0,0,0.0,2900000.0
Kaye Furo,1403098,Brentford,50,ST,Striker,9,0,0.0,0.0,0,0.0,0.0,0.0,0.0,0.0,0,0.0,0,0.0,7600000.0
Jaydon Banel,1142573,Burnley,6,LW,Winger,9,0,0.0,0.0,0,0.0,0.0,0.0,0.0,0.0,0,0.0,0,0.0,950000.0
Bradley Burrowes,1899712,Aston Villa,40,ST,Striker,16,2,11.25,10.5,0,0.0,0.0,0.001,0.0,0.0,0,0.0,0,0.0,1800000.0
George Earthy,1212165,West Ham United,37,AM,Midfielder,8,0,0.0,0.0,0,0.0,0.0,0.0,0.0,0.0,0,0.01,0,0.0,1900000.0
Kaden Rodney,1185603,Crystal Palace,7,MC,Midfielder,9,2,20.0,21.78,0,0.0,0.0,0.001,0.0,0.0,0,0.0,0,0.0,195000.0
Arnaud Kalimuendo,954061,Nottingham Forest,14,ST,Striker,106,10,8.49,9.08,1,0.85,0.91,0.003,0.003,1.0,0,0.03,0,0.44,24000000.0
Jamaal Lascelles,153444,Newcastle United,39,DC,Centerback,25,3,10.8,10.26,0,0.0,0.0,0.001,0.0,0.0,0,0.0,0,0.04,760000.0
Patrick Roberts,361326,Sunderland,41,RW,Winger,27,5,16.67,18.59,0,0.0,0.0,0.001,0.0,0.0,0,0.02,0,0.03,4099999.0
Sean Neave,1511675,Newcastle United,39,ST,Striker,13,2,13.85,13.16,0,0.0,0.0,0.001,0.0,0.0,0,0.0,0,0.03,0.0
Jørgen Strand Larsen,876599,Crystal Palace,7,ST,Striker,2316,262,10.18,11.08,11,0.43,0.47,0.07,0.033,0.471,1,1.11,4,5.32,41000000.0
Zach Abbott,1390490,Nottingham Forest,14,DC,Centerback,165,22,12.0,12.83,0,0.0,0.0,0.006,0.0,0.0,0,0.01,0,0.0,3900000.0
Igor Júlio,842513,Brighton & Hove Albion,30,DC,Centerback,122,6,4.43,4.1,1,0.74,0.68,0.002,0.002,1.0,0,0.0,0,0.0,9700000.0
Borna Sosa,357584,Crystal Palace,7,DL,Fullback,99,16,14.55,15.84,2,1.82,1.98,0.004,0.006,1.5,0,0.07,0,0.04,2700000.0
Callum Marshall,1394099,West Ham United,37,ST,Striker,58,6,9.31,10.95,0,0.0,0.0,0.002,0.0,0.0,0,0.0,0,0.13,2100000.0
Saša Kalajdžić,870038,Wolverhampton,3,ST,Striker,14,2,12.86,15.02,0,0.0,0.0,0.001,0.0,0.0,0,0.01,0,0.0,3700000.0
Ben Winterburn,2007889,Bournemouth,60,AM,Midfielder,13,1,6.92,6.9,0,0.0,0.0,0.0,0.0,0.0,0,0.0,0,0.0,320000.0
Julio Soler,1201520,Bournemouth,60,DL,Fullback,34,3,7.94,7.91,0,0.0,0.0,0.001,0.0,0.0,0,0.01,0,0.0,8300000.0
Mamadou Sarr,1154657,Chelsea,38,DC,Centerback,107,7,5.89,5.1,0,0.0,0.0,0.002,0.0,0.0,0,0.0,0,0.44,24000000.0
Souza,1482340,Tottenham Hotspur,33,DL,Fullback,144,4,2.5,2.48,3,1.88,1.87,0.001,0.009,9.0,0,0.04,0,0.02,12400000.0
Marc Guiu,1414933,Chelsea,38,ST,Striker,276,27,8.8,7.62,4,1.3,1.13,0.008,0.01,1.25,1,0.3,0,1.55,11200000.0
Nayef Aguerd,877102,West Ham United,37,DC,Centerback,180,13,6.5,7.64,0,0.0,0.0,0.004,0.0,0.0,0,0.03,0,0.1,15900000.0
Niclas Füllkrug,132645,West Ham United,37,ST,Striker,408,51,11.25,13.23,7,1.54,1.81,0.015,0.023,1.533,0,0.23,0,0.92,3700000.0
Emil Krafth,150396,Newcastle United,39,DR,Fullback,45,6,12.0,11.4,0,0.0,0.0,0.002,0.0,0.0,0,0.0,0,0.0,810000.0
James Rowswell,1403130,Tottenham Hotspur,33,DR,Fullback,1,0,0.0,0.0,0,0.0,0.0,0.0,0.0,0.0,0,0.0,0,0.0,1000000.0
Myles Peart-Harris,980649,Brentford,50,AM,Midfielder,1,0,0.0,0.0,0,0.0,0.0,0.0,0.0,0.0,0,0.0,0,0.0,875000.0
Nehemiah Oriola,1899611,Brighton & Hove Albion,30,RW,Winger,1,0,0.0,0.0,0,0.0,0.0,0.0,0.0,0.0,0,0.0,0,0.0,195000.0
Joe Knight,1565348,Brighton & Hove Albion,30,MC,Midfielder,1,0,0.0,0.0,0,0.0,0.0,0.0,0.0,0.0,0,0.0,0,0.0,105000.0
