name,id,team,team id,primaryPosition,positionGroup,minutesPlayed,averageBallPossession,totalShots,inaccuratePasses,dispossessed,unsuccessfulDribbles,keyPasses,assists,expectedAssists,goals,expectedGoals,market_value
Bruno Fernandes,288205,Manchester United,35,AM,Midfielder,3066,51.79,85,355,30,21,137,21,12.32,9,10.83,32000000.0
Declan Rice,856714,Arsenal,42,MC,Midfielder,3099,56.13,40,271,18,14,64,5,6.96,4,3.17,114000000.0
Bruno Guimarães,866469,Newcastle United,39,MC,Midfielder,2455,52.61,42,201,46,30,46,5,4.98,9,5.6,72000000.0
Rodri,827606,Manchester City,17,DM,Midfielder,1513,60.5,16,160,11,8,25,0,2.59,1,1.13,50000000.0
Jérémy Doku,934386,Manchester City,17,LW,Winger,1784,60.5,39,132,49,64,60,5,6.18,5,2.75,70000000.0
Elliot Anderson,994546,Nottingham Forest,14,MC,Midfielder,3334,46.76,44,345,62,42,55,4,4.79,4,2.9,100000000.0
Granit Xhaka,117777,Sunderland,41,MC,Midfielder,2903,44.84,21,295,17,13,34,6,3.71,1,1.02,8500000.0
Erling Haaland,839956,Manchester City,17,ST,Striker,2958,60.5,126,132,23,15,25,8,2.85,27,25.43,240000000.0
Marc Guéhi,877994,Manchester City,17,DC,Centerback,3150,60.5,32,239,18,4,18,3,2.32,3,4.12,66000000.0
Gabriel Magalhães,869792,Arsenal,42,DC,Centerback,2751,56.13,27,205,4,1,7,4,1.82,3,2.93,70000000.0
Virgil van Dijk,151545,Liverpool FC,44,DC,Centerback,3420,59.21,30,307,1,0,12,0,1.35,6,3.77,15500000.0
Marcos Senesi,830659,Bournemouth,60,DC,Centerback,3290,50.18,17,518,14,3,24,5,4.67,0,1.52,23000000.0
Jan Paul van Hecke,962012,Brighton & Hove Albion,30,DC,Centerback,3211,54.08,23,323,6,2,13,3,1.62,3,3.3,65000000.0
Bukayo Saka,934235,Arsenal,42,RW,Winger,2225,56.13,71,180,32,51,63,5,7.16,7,7.55,115000000.0
Jack Grealish,189061,Everton,48,LW,Winger,1631,43.63,26,91,30,34,40,6,3.57,2,2.15,21000000.0
James Garner,927361,Everton,48,MC,Midfielder,3414,43.63,45,229,15,16,56,7,5.95,2,2.03,48000000.0
Casemiro,122951,Manchester United,35,MC,Midfielder,2593,51.79,52,299,13,10,36,2,3.12,9,5.52,5500000.0
Rayan Cherki,979128,Manchester City,17,AM,Midfielder,1794,60.5,55,173,34,55,61,12,8.65,4,4.13,98000000.0
Youri Tielemans,331737,Aston Villa,40,MC,Midfielder,1862,53.55,24,170,13,8,32,4,3.33,0,1.17,43000000.0
Mateus Fernandes,1142562,West Ham United,37,MC,Midfielder,3024,42.53,28,196,32,20,37,4,2.97,3,2.0,49000000.0
Reece James,885908,Chelsea,38,DR,Fullback,1961,57.74,22,146,13,11,27,4,3.19,2,1.04,63000000.0
Rúben Dias,318941,Manchester City,17,DC,Centerback,2149,60.5,10,123,3,3,7,0,0.64,2,0.56,60000000.0
Dominik Szoboszlai,869856,Liverpool FC,44,AM,Midfielder,3233,59.21,71,268,27,24,78,7,6.81,6,4.85,91000000.0
Kiernan Dewsbury-Hall,861970,Everton,48,MC,Midfielder,2635,43.63,39,180,49,23,37,4,5.38,8,4.31,38000000.0
Moisés Caicedo,987650,Chelsea,38,MC,Midfielder,2802,57.74,27,170,19,13,19,1,2.38,3,1.44,104000000.0
Enzo Fernández,974505,Chelsea,38,MC,Midfielder,3121,57.74,72,285,41,35,69,4,7.25,10,11.29,97000000.0
James Tarkowski,145188,Everton,48,DC,Centerback,3330,43.63,21,302,1,4,19,3,2.07,2,2.75,5200000.0
Anton Stach,889861,Leeds United,34,MC,Midfielder,2378,45.74,55,213,26,22,63,3,4.51,5,2.92,27000000.0
Ethan Ampadu,847097,Leeds United,34,MC,Midfielder,3123,45.74,26,249,12,5,20,1,2.25,1,2.5,28000000.0
Boubacar Kamara,826204,Aston Villa,40,MC,Midfielder,1418,53.55,7,96,15,17,15,3,0.86,1,0.49,39000000.0
Harry Wilson,355528,Fulham,43,RW,Winger,2691,51.71,78,146,23,15,39,7,4.78,10,5.83,27000000.0
Cristian Romero,829932,Tottenham Hotspur,33,DC,Centerback,1872,50.37,17,143,6,2,12,1,1.26,4,1.31,46000000.0
Tom Edozie,1445189,Wolverhampton,3,LW,Winger,26,42.82,2,2,2,1,0,0,0.0,1,0.23,195000.0
Fabian Schär,101882,Newcastle United,39,DC,Centerback,1091,52.61,17,124,1,0,4,0,0.61,0,0.98,3900000.0
Max Alleyne,1168513,Manchester City,17,DC,Centerback,135,60.5,2,8,1,1,1,0,0.06,0,0.26,7800000.0
João Pedro,975079,Chelsea,38,ST,Striker,2674,57.74,73,171,55,38,29,5,2.0,15,14.96,74000000.0
Matheus Cunha,886363,Manchester United,35,AM,Midfielder,2503,51.79,90,172,53,47,35,2,3.28,10,7.06,79000000.0
Lisandro Martínez,859999,Manchester United,35,DC,Centerback,1237,51.79,5,95,2,2,5,0,0.6,0,0.15,48000000.0
Alex Iwobi,352770,Fulham,43,LW,Winger,2434,51.71,39,213,24,26,44,3,4.69,4,1.92,21000000.0
Alex Scott,1104986,Bournemouth,60,MC,Midfielder,2859,50.18,44,211,26,23,28,1,2.95,3,3.81,53000000.0
Ibrahima Konaté,826215,Liverpool FC,44,DC,Centerback,3100,59.21,12,225,5,2,8,0,0.98,1,1.21,46000000.0
Pascal Groß,48480,Brighton & Hove Albion,30,MC,Midfielder,1636,54.08,18,151,10,9,39,3,3.83,1,1.45,2300000.0
Adam Wharton,1109771,Crystal Palace,7,MC,Midfielder,2562,45.92,32,255,27,14,44,5,7.38,1,1.52,74000000.0
Anthony Gordon,914902,Newcastle United,39,LW,Winger,1817,52.61,48,94,26,37,26,2,3.37,6,8.83,82000000.0
Ryan Gravenberch,904897,Liverpool FC,44,MC,Midfielder,2996,59.21,38,207,26,23,29,3,2.26,5,1.9,87000000.0
Martín Zubimendi,966837,Arsenal,42,MC,Midfielder,3001,56.13,27,244,10,8,19,1,2.26,5,2.85,77000000.0
Konstantinos Mavropanos,829022,West Ham United,37,DC,Centerback,2535,42.53,23,208,2,0,4,0,0.7,3,2.55,19500000.0
Cole Palmer,982780,Chelsea,38,AM,Midfielder,1965,57.74,64,117,35,45,25,1,2.47,10,10.56,92000000.0
Amadou Onana,923973,Aston Villa,40,MC,Midfielder,1776,53.55,19,107,10,6,7,0,0.7,2,1.71,41000000.0
Rayan,1464966,Bournemouth,60,RW,Winger,1119,50.18,28,69,10,21,14,2,1.82,5,2.91,58000000.0
Crysencio Summerville,917005,West Ham United,37,LW,Winger,2480,42.53,54,110,39,54,28,2,3.42,5,5.17,49000000.0
João Palhinha,364612,Tottenham Hotspur,33,MC,Midfielder,2197,50.37,33,188,30,13,8,2,0.66,5,2.7,13800000.0
Joachim Andersen,362682,Fulham,43,DC,Centerback,2884,51.71,16,317,3,1,7,1,1.82,0,1.48,21000000.0
William Saliba,941168,Arsenal,42,DC,Centerback,2615,56.13,5,150,9,3,10,0,1.42,1,0.86,94000000.0
Malick Thiaw,1014286,Newcastle United,39,DC,Centerback,2964,52.61,28,176,3,0,6,0,0.97,4,4.72,41000000.0
Antoine Semenyo,934354,Manchester City,17,LW,Winger,3200,60.5,83,187,63,74,39,4,3.12,17,11.09,85000000.0
Mikkel Damsgaard,907072,Brentford,50,AM,Midfielder,2078,47.61,29,225,33,33,42,4,5.44,4,2.62,29000000.0
Jarrad Branthwaite,979563,Everton,48,DC,Centerback,689,43.63,6,57,2,0,3,0,0.12,1,0.35,41000000.0
Phil Foden,859765,Manchester City,17,AM,Midfielder,2107,60.5,55,143,33,22,55,5,4.77,7,6.42,66000000.0
Jarrod Bowen,552884,West Ham United,37,RW,Winger,3405,42.53,79,208,77,65,45,11,5.24,9,7.26,29000000.0
Sven Botman,910046,Newcastle United,39,DC,Centerback,1838,52.61,15,153,5,0,8,1,0.88,1,1.74,33000000.0
Joško Gvardiol,964994,Manchester City,17,DL,Fullback,1374,60.5,17,111,4,4,6,2,0.71,2,2.4,64000000.0
Martin Ødegaard,547410,Arsenal,42,MC,Midfielder,1370,56.13,22,127,13,18,40,6,3.67,1,1.23,77000000.0
Ezri Konsa,827679,Aston Villa,40,DC,Centerback,3036,53.55,11,95,6,4,5,0,0.58,0,1.25,47000000.0
Rio Ngumoha,1881902,Liverpool FC,44,LW,Winger,582,59.21,16,25,12,13,16,1,2.03,2,1.31,29000000.0
James Hill,1156586,Bournemouth,60,DC,Centerback,2120,50.18,12,231,5,0,13,3,1.16,0,0.89,24000000.0
Eberechi Eze,864921,Arsenal,42,AM,Midfielder,1900,56.13,63,101,24,20,16,2,2.66,7,5.05,69000000.0
Murillo,1199282,Nottingham Forest,14,DC,Centerback,2133,46.76,11,186,9,5,8,0,0.48,1,0.74,49000000.0
Nico González,954056,Manchester City,17,MC,Midfielder,1575,60.5,14,127,15,5,11,0,1.11,1,0.7,43000000.0
Olivier Boscagli,788784,Brighton & Hove Albion,30,DC,Centerback,819,54.08,1,102,1,0,4,1,0.46,0,0.04,13900000.0
Mathias Jensen,799251,Brentford,50,MC,Midfielder,2277,47.61,29,215,25,16,35,1,6.02,3,2.27,10400000.0
Ibrahim Sangaré,843754,Nottingham Forest,14,MC,Midfielder,2080,46.76,16,126,15,12,12,2,1.8,2,1.15,21000000.0
Nordi Mukiele,780014,Sunderland,41,DR,Fullback,2787,44.84,26,254,15,14,24,4,2.49,3,1.88,15200000.0
Vitaly Janelt,814873,Brentford,50,MC,Midfielder,1449,47.61,12,103,6,6,21,4,2.27,1,0.91,16600000.0
Matthijs de Ligt,803031,Manchester United,35,DC,Centerback,1170,51.79,11,75,1,1,3,0,0.77,1,1.46,32000000.0
Morato,985086,Nottingham Forest,14,DC,Centerback,1366,46.76,5,111,0,0,2,0,0.16,1,1.32,13600000.0
Leandro Trossard,135666,Arsenal,42,LW,Winger,2006,56.13,53,174,39,31,36,6,3.56,6,5.48,19300000.0
Lewis Dunk,115365,Brighton & Hove Albion,30,DC,Centerback,2844,54.08,24,191,5,0,7,0,0.57,1,1.71,3600000.0
Jenson Seelt,1088897,Sunderland,41,DC,Centerback,134,44.84,0,13,1,0,0,0,0.02,0,0.0,5200000.0
Matheus Nunes,945122,Manchester City,17,DR,Fullback,2865,60.5,7,235,18,29,28,5,2.24,1,0.35,48000000.0
Pedro Neto,879349,Chelsea,38,RW,Winger,2643,57.74,46,118,25,57,55,6,6.83,5,4.62,58000000.0
James Justin,827681,Leeds United,34,DR,Fullback,1916,45.74,24,170,10,13,12,1,1.17,2,1.67,12400000.0
Abdukodir Khusanov,1194333,Manchester City,17,DC,Centerback,1429,60.5,7,89,2,2,6,0,0.57,0,0.68,47000000.0
Trevoh Chalobah,826134,Chelsea,38,DC,Centerback,2782,57.74,16,159,5,2,5,0,1.05,3,1.43,43000000.0
Patrick Dorgu,1397168,Manchester United,35,ML,Fullback,1461,51.79,26,121,22,28,27,4,1.85,4,2.35,33000000.0
Noah Okafor,865523,Leeds United,34,ST,Striker,1573,45.74,35,79,31,53,20,1,1.32,8,5.26,27000000.0
Daniel Muñoz,870360,Crystal Palace,7,MR,Fullback,2403,45.92,27,171,7,13,28,3,3.97,4,2.44,23000000.0
Sandro Tonali,892673,Newcastle United,39,MC,Midfielder,2543,52.61,37,244,17,12,32,2,2.89,0,1.74,74000000.0
Hugo Ekitiké,1048422,Liverpool FC,44,ST,Striker,1810,59.21,65,93,26,34,21,4,2.67,11,9.87,77000000.0
Igor Thiago,1016907,Brentford,50,ST,Striker,3284,47.61,84,194,42,24,24,1,1.88,22,20.57,68000000.0
Morgan Gibbs-White,865912,Nottingham Forest,14,AM,Midfielder,3110,46.76,83,228,37,33,49,4,2.92,15,10.84,67000000.0
Enzo Le Fée,984014,Sunderland,41,MC,Midfielder,2944,44.84,36,207,31,33,53,6,5.92,5,5.16,26000000.0
Lewis Miley,1400650,Newcastle United,39,MC,Midfielder,1494,52.61,12,86,9,2,15,4,2.11,1,1.34,27000000.0
Kenny Tete,190877,Fulham,43,DR,Fullback,1802,51.71,16,138,16,14,11,0,1.42,1,0.96,8700000.0
Jurriën Timber,958959,Arsenal,42,DR,Fullback,2457,56.13,25,160,25,20,27,5,1.61,3,4.77,73000000.0
Tosin Adarabioyo,352668,Chelsea,38,DC,Centerback,796,57.74,2,72,1,0,1,0,0.4,0,0.11,16500000.0
Mohamed Salah,159665,Liverpool FC,44,RW,Winger,2148,59.21,68,183,50,53,49,7,5.31,7,8.16,21000000.0
Josh Cullen,792122,Burnley,6,MC,Midfielder,1519,42.29,11,138,10,4,13,2,1.35,2,0.9,4099999.0
John McGinn,250223,Aston Villa,40,RW,Winger,2169,53.55,28,133,46,20,41,4,3.99,5,2.96,12600000.0
Ayden Heaven,1445799,Manchester United,35,DC,Centerback,938,51.79,3,47,1,2,2,1,0.18,0,0.35,32000000.0
Lucas Paquetá,839981,West Ham United,37,AM,Midfielder,1521,42.53,23,181,27,26,23,1,2.11,4,2.82,36000000.0
Pedro Porro,913654,Tottenham Hotspur,33,DR,Fullback,2798,50.37,32,368,9,26,56,2,4.48,1,1.05,42000000.0
Cody Gakpo,862967,Liverpool FC,44,LW,Winger,2754,59.21,87,161,28,35,54,5,4.69,7,8.46,58000000.0
Jaka Bijol,886930,Leeds United,34,DC,Centerback,1913,45.74,15,153,0,1,7,2,0.78,1,0.88,18500000.0
Piero Hincapié,1002837,Arsenal,42,DL,Fullback,1792,56.13,3,93,5,7,13,2,1.63,1,0.36,46000000.0
Ben Davies,94758,Tottenham Hotspur,33,DC,Centerback,138,50.37,2,9,1,0,1,0,0.09,1,0.49,2800000.0
Rayan Aït-Nouri,931278,Manchester City,17,DL,Fullback,976,60.5,10,57,12,20,12,2,2.02,0,0.59,39000000.0
Cristhian Mosquera,1144630,Arsenal,42,DC,Centerback,1003,56.13,1,55,8,2,5,0,0.63,0,0.1,38000000.0
Michael Keane,110846,Everton,48,DC,Centerback,2619,43.63,26,160,5,5,2,1,0.51,3,2.33,2800000.0
Amad Diallo,971037,Manchester United,35,RW,Winger,2344,51.79,53,109,25,40,41,3,4.78,2,5.57,44000000.0
Neco Williams,927356,Nottingham Forest,14,DL,Fullback,3206,46.76,46,241,28,40,37,3,3.96,2,1.97,26000000.0
Maxence Lacroix,879674,Crystal Palace,7,DC,Centerback,3087,45.92,24,196,6,4,7,2,0.89,1,2.38,54000000.0
Ola Aina,800417,Nottingham Forest,14,DR,Fullback,1590,46.76,12,96,15,19,10,0,0.82,0,0.4,16399999.0
Mateus Mané,1899647,Wolverhampton,3,AM,Midfielder,1799,42.82,42,89,41,53,31,1,3.69,3,2.01,18500000.0
Noussair Mazraoui,847030,Manchester United,35,DR,Fullback,1022,51.79,5,69,4,7,7,0,0.36,0,0.19,17500000.0
Nathan Patterson,1020141,Everton,48,DR,Fullback,266,43.63,1,20,1,4,0,0,0.04,0,0.03,10900000.0
Harry Maguire,149380,Manchester United,35,DC,Centerback,1667,51.79,14,118,2,1,4,2,0.52,1,1.11,8600000.0
Xavi Simons,997183,Tottenham Hotspur,33,AM,Midfielder,1769,50.37,42,137,30,38,35,5,3.86,2,3.08,43000000.0
Chris Richards,931844,Crystal Palace,7,DC,Centerback,2826,45.92,15,237,11,2,9,0,1.38,1,2.36,25000000.0
Kobbie Mainoo,1142175,Manchester United,35,MC,Midfielder,1670,51.79,13,113,31,16,22,2,1.28,1,0.48,72000000.0
Jorge Cuenca,868715,Fulham,43,DC,Centerback,965,51.71,1,73,0,3,3,0,0.56,0,0.05,8600000.0
Samuel Chukwueze,822470,Fulham,43,RW,Winger,1075,51.71,25,108,15,21,24,4,3.3,3,2.07,18500000.0
Callum Hudson Odoi,867442,Nottingham Forest,14,LW,Winger,1849,46.76,30,71,22,28,44,4,2.98,3,2.8,32000000.0
Riccardo Calafiori,957602,Arsenal,42,DL,Fullback,1707,56.13,32,109,10,8,9,2,0.76,1,3.34,53000000.0
Dango Ouattara,1106451,Brentford,50,RW,Winger,2279,47.61,56,179,31,57,27,3,4.17,7,7.72,36000000.0
Pau Torres,864169,Aston Villa,40,DC,Centerback,1676,53.55,9,128,4,4,1,0,0.37,0,1.27,21000000.0
Nico O'Reilly,1142703,Manchester City,17,DL,Fullback,2648,60.5,41,187,34,35,23,3,2.69,5,6.03,76000000.0
Ollie Watkins,555386,Aston Villa,40,ST,Striker,2852,53.55,83,130,43,30,23,3,1.3,16,15.14,26000000.0
Levi Colwill,996911,Chelsea,38,DC,Centerback,225,57.74,0,19,1,0,0,0,0.11,0,0.0,55000000.0
Iliman Ndiaye,914309,Everton,48,LW,Winger,2786,43.63,43,151,64,61,30,3,4.41,6,6.71,53000000.0
Michael Kayode,1137431,Brentford,50,DR,Fullback,3264,47.61,9,171,31,52,36,1,2.8,1,1.18,39000000.0
Mohammed Kudus,905163,Tottenham Hotspur,33,RW,Winger,1545,50.37,26,64,54,50,25,5,2.4,2,1.93,54000000.0
Maxim De Cuyper,997152,Brighton & Hove Albion,30,DL,Fullback,1443,54.08,13,109,5,10,33,3,4.13,2,1.82,21000000.0
Mason Mount,836694,Manchester United,35,AM,Midfielder,1018,51.79,19,79,15,10,14,0,1.62,3,1.5,23000000.0
Sean Longstaff,866191,Leeds United,34,MC,Midfielder,1046,45.74,16,69,12,5,25,2,1.91,2,1.25,14400000.0
Sander Berge,793167,Fulham,43,MC,Midfielder,2911,51.71,15,176,20,12,21,1,1.5,0,1.54,26000000.0
Sepp van den Berg,924378,Brentford,50,DC,Centerback,2761,47.61,23,163,4,0,7,2,1.49,0,3.13,33000000.0
Lewis Cook,548188,Bournemouth,60,MC,Midfielder,905,50.18,3,69,3,1,11,1,0.54,0,0.08,11600000.0
Yankuba Minteh,1400106,Brighton & Hove Albion,30,RW,Winger,2398,54.08,41,202,34,56,46,4,5.12,3,3.8,42000000.0
Emiliano Buendía,783126,Aston Villa,40,LW,Winger,1784,53.55,49,122,35,20,30,2,2.29,6,3.42,14600000.0
Antonee Robinson,803174,Fulham,43,DL,Fullback,1492,51.71,6,160,7,9,22,0,1.57,1,1.07,24000000.0
Daichi Kamada,794338,Crystal Palace,7,MC,Midfielder,1908,45.92,19,132,16,12,20,0,3.24,0,1.65,10300000.0
Richarlison,840217,Tottenham Hotspur,33,ST,Striker,1957,50.37,61,120,30,20,20,4,1.46,11,8.09,24000000.0
Diogo Dalot,843200,Manchester United,35,DR,Fullback,2616,51.79,24,170,16,9,29,3,2.57,1,2.0,28000000.0
Bernardo Silva,331209,Manchester City,17,MC,Midfielder,2890,60.5,30,216,34,28,47,4,4.08,2,2.56,21000000.0
Emmanuel Agbadou,1013842,Wolverhampton,3,DC,Centerback,1101,42.82,10,112,5,1,4,0,0.4,0,0.56,16500000.0
Florian Wirtz,1019322,Liverpool FC,44,AM,Midfielder,2388,59.21,51,220,36,35,61,3,5.17,5,7.03,95000000.0
Noni Madueke,966547,Arsenal,42,RW,Winger,1226,56.13,26,98,17,32,22,1,2.83,3,1.22,54000000.0
Ross Barkley,98435,Aston Villa,40,MC,Midfielder,865,53.55,18,50,16,7,10,1,1.35,3,1.51,3600000.0
Bashir Humphreys,996910,Burnley,6,DC,Centerback,1578,42.29,9,154,6,6,9,0,0.68,0,0.42,13100000.0
Yéremy Pino,984624,Crystal Palace,7,AM,Midfielder,2100,45.92,45,211,34,26,48,2,6.11,2,4.51,27000000.0
Curtis Jones,927353,Liverpool FC,44,MC,Midfielder,1950,59.21,23,138,23,12,21,2,2.79,1,2.77,33000000.0
Morgan Rogers,948261,Aston Villa,40,AM,Midfielder,3285,53.55,84,271,80,76,47,6,4.3,10,6.78,105000000.0
Daniel Ballard,958878,Sunderland,41,DC,Centerback,2148,44.84,26,197,6,2,15,0,0.66,2,2.46,22000000.0
Andrey Santos,1105779,Chelsea,38,MC,Midfielder,1280,57.74,11,79,2,3,8,0,0.88,1,2.0,39000000.0
Tyler Adams,800419,Bournemouth,60,MC,Midfielder,1778,50.18,10,130,11,6,7,2,0.61,2,0.6,26000000.0
Ben White,846036,Arsenal,42,DR,Fullback,713,56.13,5,65,2,1,8,1,0.68,0,0.46,27000000.0
Kevin Danso,794953,Tottenham Hotspur,33,DC,Centerback,1507,50.37,11,125,4,1,3,0,0.27,0,0.59,19400000.0
Bryan Mbeumo,927083,Manchester United,35,RW,Winger,2621,51.79,73,167,29,36,47,3,5.04,11,12.19,73000000.0
Tijjani Reijnders,893549,Manchester City,17,MC,Midfielder,1640,60.5,49,87,16,26,18,2,2.34,5,4.45,48000000.0
Douglas Luiz,867887,Aston Villa,40,MC,Midfielder,944,53.55,11,65,3,7,19,0,1.43,1,0.53,19200000.0
Lewis Hall,1136730,Newcastle United,39,DL,Fullback,2179,52.61,25,186,38,31,25,1,2.75,1,1.01,38000000.0
Jaydee Canvot,1471671,Crystal Palace,7,DC,Centerback,1347,45.92,7,90,5,2,3,0,0.34,0,1.48,25000000.0
Mikel Merino,592010,Arsenal,42,MC,Midfielder,1035,56.13,22,89,17,7,12,3,1.46,4,3.38,26000000.0
Wesley Fofana,923894,Chelsea,38,DC,Centerback,1726,57.74,8,99,5,4,3,1,0.62,0,0.72,29000000.0
Matty Cash,833956,Aston Villa,40,DR,Fullback,3020,53.55,30,202,17,9,31,3,2.95,3,1.19,19800000.0
Álex Jiménez,1184308,Bournemouth,60,DR,Fullback,2330,50.18,21,172,20,36,14,0,1.61,1,1.13,19900000.0
André,1035996,Wolverhampton,3,DM,Midfielder,2766,42.82,15,113,30,15,18,0,0.99,1,0.52,26000000.0
Ismaïla Sarr,845286,Crystal Palace,7,AM,Midfielder,2176,45.92,48,136,43,20,19,1,1.13,9,10.91,43000000.0
Tom Cairney,82566,Fulham,43,MC,Midfielder,805,51.71,17,51,4,4,11,0,0.82,2,1.21,530000.0
Nicolás Domínguez,871765,Nottingham Forest,14,MC,Midfielder,1193,46.76,18,79,5,6,12,1,0.79,1,1.47,13800000.0
Dominic Solanke,361420,Tottenham Hotspur,33,ST,Striker,1000,50.37,20,41,13,13,6,0,0.35,3,2.43,31000000.0
Omar Alderete,805137,Sunderland,41,DC,Centerback,2802,44.84,24,247,12,4,9,1,0.92,1,1.64,13800000.0
Joël Veltman,219572,Brighton & Hove Albion,30,DR,Fullback,1073,54.08,4,81,2,3,4,0,0.22,1,1.11,1500000.0
Zian Flemming,875137,Burnley,6,ST,Striker,1808,42.29,53,97,17,7,10,0,0.42,11,7.87,12600000.0
James Ward-Prowse,161717,Burnley,6,MC,Midfielder,1109,42.29,5,69,4,5,23,1,1.88,0,0.22,4500000.0
Mateo Kovačić,136710,Manchester City,17,MC,Midfielder,134,60.5,2,13,5,1,4,1,0.44,0,0.16,9700000.0
Calvin Bassey,861972,Fulham,43,DC,Centerback,2544,51.71,13,209,17,10,10,0,0.39,1,1.72,29000000.0
Idrissa Gana Gueye,106337,Everton,48,MC,Midfielder,2101,43.63,29,135,9,14,13,3,1.77,2,2.0,485000.0
Ferdi Kadıoğlu,825844,Brighton & Hove Albion,30,DL,Fullback,3134,54.08,28,197,18,10,22,0,3.33,1,2.03,36000000.0
Nikola Milenković,836168,Nottingham Forest,14,DC,Centerback,3375,46.76,16,206,2,0,3,0,0.72,0,0.84,26000000.0
Eli Junior Kroupi,1426228,Bournemouth,60,ST,Striker,1690,50.18,52,112,20,22,22,0,1.53,13,8.35,72000000.0
William Osula,1122603,Newcastle United,39,ST,Striker,863,52.61,23,16,13,8,6,0,0.62,7,4.29,26000000.0
Tyrick Mitchell,988275,Crystal Palace,7,ML,Fullback,3253,45.92,19,298,26,28,29,2,2.52,1,1.61,23000000.0
Kaoru Mitoma,936849,Brighton & Hove Albion,30,LW,Winger,1721,54.08,32,101,23,35,31,1,2.84,3,4.06,20000000.0
Lutsharel Geertruida,856739,Sunderland,41,DR,Fullback,1702,44.84,11,103,3,5,8,0,0.83,0,1.15,22000000.0
Jordan Henderson,42694,Brentford,50,MC,Midfielder,1929,47.61,6,256,6,5,19,3,2.45,1,0.33,1300000.0
Marcus Tavernier,895576,Bournemouth,60,LW,Winger,2738,50.18,70,185,44,50,55,4,4.64,7,9.06,23000000.0
Harrison Reed,365802,Fulham,43,MC,Midfielder,126,51.71,2,3,0,0,3,0,0.46,1,0.13,2100000.0
Freddie Potts,1089582,West Ham United,37,MC,Midfielder,1167,42.53,3,87,5,6,8,1,1.07,0,0.21,10400000.0
Dário Essugo,1110006,Chelsea,38,MC,Midfielder,34,57.74,0,4,2,0,0,0,0.01,0,0.0,13900000.0
Nathan Aké,149663,Manchester City,17,DC,Centerback,703,60.5,6,56,0,0,7,0,0.53,0,0.72,10900000.0
Veljko Milosavljević,1406130,Bournemouth,60,DC,Centerback,375,50.18,1,30,1,0,1,0,0.2,0,0.15,18600000.0
Rio Cardines,1469007,Crystal Palace,7,ML,Fullback,90,45.92,1,8,1,2,2,0,0.16,0,0.02,290000.0
Pascal Struijk,836675,Leeds United,34,DC,Centerback,2937,45.74,31,212,8,2,12,1,0.78,0,3.02,23000000.0
Joelinton,560128,Newcastle United,39,MC,Midfielder,1953,52.61,32,145,26,14,17,1,1.35,2,2.39,27000000.0
Oscar Bobb,1065216,Fulham,43,RW,Winger,1050,51.71,12,57,23,18,22,1,2.11,0,1.48,27000000.0
Will Hughes,193554,Crystal Palace,7,MC,Midfielder,1577,45.92,17,127,14,7,21,0,1.89,0,1.09,4600000.0
Adrien Truffert,999028,Bournemouth,60,DL,Fullback,3380,50.18,16,258,24,40,32,5,2.98,1,1.36,28000000.0
Pape Matar Sarr,1002711,Tottenham Hotspur,33,MC,Midfielder,1399,50.37,17,95,18,9,11,4,1.1,2,1.72,28000000.0
Alejandro Garnacho,1135873,Chelsea,38,LW,Winger,1283,57.74,33,60,12,25,29,4,3.68,1,3.45,26000000.0
Yasin Ayari,1036269,Brighton & Hove Albion,30,MC,Midfielder,1941,54.08,41,134,19,30,16,3,1.14,3,2.71,36000000.0
Jean-Ricner Bellegarde,845273,Wolverhampton,3,MC,Midfielder,1251,42.82,21,88,20,12,14,1,1.12,1,0.99,17600000.0
Tino Livramento,980634,Newcastle United,39,DR,Fullback,1328,52.61,3,73,9,18,11,1,0.95,0,0.14,44000000.0
Noah Sadiki,1171539,Sunderland,41,MC,Midfielder,2894,44.84,18,162,25,17,19,1,1.44,0,1.46,37000000.0
Jaidon Anthony,1020680,Burnley,6,LW,Winger,2743,42.29,55,180,41,65,37,2,2.87,8,5.13,19400000.0
Kevin,1112879,Fulham,43,LW,Winger,1037,51.71,25,80,23,44,14,1,1.48,1,1.2,26000000.0
João Gomes,1015267,Wolverhampton,3,MC,Midfielder,2843,42.82,19,210,55,24,16,1,2.08,1,1.28,36000000.0
Max Dowman,1917626,Arsenal,42,MC,Midfielder,162,56.13,6,6,7,11,4,0,0.32,1,1.18,31000000.0
Harvey Barnes,855647,Newcastle United,39,LW,Winger,1961,52.61,58,113,24,32,24,1,2.75,7,7.07,35000000.0
Trai Hume,989034,Sunderland,41,DR,Fullback,3037,44.84,34,258,9,14,29,1,2.01,2,2.15,20000000.0
Kevin Schade,1006387,Brentford,50,LW,Winger,2757,47.61,57,170,45,55,29,3,2.08,8,12.18,36000000.0
Santiago Bueno,846308,Wolverhampton,3,DC,Centerback,2553,42.82,10,147,5,0,10,1,1.45,3,2.28,9200000.0
Lucas Digne,96538,Aston Villa,40,DL,Fullback,1866,53.55,14,140,11,7,26,6,3.26,0,0.72,5500000.0
Estêvão,1597265,Chelsea,38,RW,Winger,852,57.74,28,52,20,41,16,2,2.2,2,2.92,82000000.0
Amine Adli,991478,Bournemouth,60,LW,Winger,1106,50.18,20,94,9,14,16,1,1.62,3,2.6,18100000.0
Nathan Collins,958916,Brentford,50,DC,Centerback,2972,47.61,20,296,10,3,11,2,1.62,1,2.28,29000000.0
Sávio,1046795,Manchester City,17,LW,Winger,846,60.5,20,64,9,36,9,1,1.62,1,2.33,37000000.0
Tim Iroegbunam,1085950,Everton,48,MC,Midfielder,1505,43.63,12,91,28,25,8,2,0.71,0,0.6,18500000.0
Benjamin Šeško,986397,Manchester United,35,ST,Striker,1635,51.79,61,95,30,20,9,1,0.28,11,9.2,78000000.0
Axel Disasi,827243,West Ham United,37,DC,Centerback,1255,42.53,5,76,3,0,1,0,0.05,0,1.02,15500000.0
Tomáš Souček,799041,West Ham United,37,MC,Midfielder,2215,42.53,26,200,8,7,11,0,0.53,5,5.68,9700000.0
Jean-Philippe Mateta,848276,Crystal Palace,7,ST,Striker,2222,45.92,63,119,41,17,9,0,1.31,12,14.51,29000000.0
Yehor Yarmoliuk,1031258,Brentford,50,MC,Midfielder,2675,47.61,16,211,23,27,15,2,1.39,1,1.2,30000000.0
Bertrand Traoré,218160,Sunderland,41,RW,Winger,638,44.84,13,37,9,8,8,0,0.24,1,0.52,3800000.0
Sebastiaan Bornauw,826167,Leeds United,34,DC,Centerback,439,45.74,1,25,1,1,0,0,0.02,0,0.2,7800000.0
Diego Gómez,1065588,Brighton & Hove Albion,30,MC,Midfielder,2136,54.08,42,166,29,22,21,1,1.71,5,6.29,27000000.0
Omari Hutchinson,1090963,Nottingham Forest,14,RW,Winger,1694,46.76,25,91,29,38,33,5,3.91,1,1.94,28000000.0
Hannibal Mejbri,1009386,Burnley,6,AM,Midfielder,1253,42.29,19,116,33,14,21,4,2.06,1,0.89,15700000.0
Ethan Nwaneri,1401702,Arsenal,42,MC,Midfielder,175,56.13,6,8,2,5,1,0,0.08,0,0.23,34000000.0
Oleksandr Zinchenko,287643,Nottingham Forest,14,DL,Fullback,353,46.76,4,24,1,1,5,0,0.36,0,0.08,8199999.0
Omar Marmoush,873554,Manchester City,17,ST,Striker,734,60.5,30,21,15,12,12,3,0.79,3,2.71,55000000.0
Roméo Lavia,1069488,Chelsea,38,MC,Midfielder,377,57.74,3,21,6,2,1,0,0.54,0,0.2,21000000.0
Ao Tanaka,871886,Leeds United,34,MC,Midfielder,1326,45.74,17,100,8,7,18,0,1.47,2,1.61,14000000.0
Valentín Castellanos,877013,West Ham United,37,ST,Striker,1395,42.53,50,89,11,10,12,0,0.81,6,5.8,29000000.0
Jefferson Lerma,355796,Crystal Palace,7,MC,Midfielder,1730,45.92,19,179,9,4,14,2,1.48,0,1.82,5500000.0
Timothy Castagne,329417,Fulham,43,DR,Fullback,1872,51.71,14,109,2,3,18,0,1.46,0,1.42,7600000.0
Soungoutou Magassa,1170560,West Ham United,37,MC,Midfielder,998,42.53,7,78,6,3,5,0,0.31,1,0.44,18400000.0
Micky van de Ven,998247,Tottenham Hotspur,33,DC,Centerback,3043,50.37,16,169,5,4,6,1,0.37,4,2.53,49000000.0
Brenden Aaronson,973431,Leeds United,34,AM,Midfielder,2473,45.74,47,126,74,53,34,5,3.63,4,4.55,23000000.0
Mats Wieffer,959628,Brighton & Hove Albion,30,MC,Midfielder,1914,54.08,18,148,22,11,20,3,1.87,2,1.93,24000000.0
Ryan Christie,322391,Bournemouth,60,MC,Midfielder,986,50.18,25,119,15,20,11,0,0.83,2,1.92,8600000.0
Rodrigo Bentancur,791190,Tottenham Hotspur,33,MC,Midfielder,1892,50.37,13,145,8,12,10,1,0.83,1,0.74,19300000.0
Kai Havertz,836705,Arsenal,42,ST,Striker,583,56.13,18,43,8,3,11,3,0.66,2,3.31,53000000.0
Matt O'Riley,891829,Brighton & Hove Albion,30,MC,Midfielder,203,54.08,4,9,1,0,4,0,0.17,1,1.2,16500000.0
Ethan Pinnock,855864,Brentford,50,DC,Centerback,321,47.61,1,23,1,0,0,0,0.06,0,0.01,2800000.0
El Hadji Malick Diouf,1471764,West Ham United,37,ML,Fullback,2711,42.53,18,266,19,24,30,5,2.49,0,0.57,29000000.0
Jacob Murphy,372336,Newcastle United,39,RW,Winger,1627,52.61,42,133,19,20,23,2,2.74,3,3.15,11000000.0
Lesley Ugochukwu,1048916,Burnley,6,MC,Midfielder,2359,42.29,23,131,31,16,10,1,0.42,3,2.5,21000000.0
Angel Gomes,867441,Wolverhampton,3,MC,Midfielder,488,42.82,6,27,4,2,6,0,0.28,0,0.26,10800000.0
Jeremie Frimpong,970361,Liverpool FC,44,MR,Fullback,1068,59.21,10,68,17,15,15,1,1.58,0,0.51,36000000.0
Mathys Tel,1048888,Tottenham Hotspur,33,ST,Striker,1358,50.37,35,81,38,40,30,1,2.43,4,2.44,23000000.0
Andy Robertson,262911,Liverpool FC,44,DL,Fullback,1188,59.21,10,119,1,3,20,0,1.39,1,1.1,7500000.0
Alexis Mac Allister,895324,Liverpool FC,44,MC,Midfielder,2675,59.21,52,193,29,16,36,4,1.68,2,3.89,77000000.0
Ryan Yates,846252,Nottingham Forest,14,MC,Midfielder,629,46.76,9,57,6,1,5,2,0.39,0,0.5,7200000.0
Ilia Gruev,911679,Leeds United,34,MC,Midfielder,1334,45.74,7,61,5,1,11,3,0.88,0,0.47,11000000.0
Ladislav Krejčí,856250,Wolverhampton,3,DC,Centerback,2361,42.82,21,230,8,2,9,1,1.49,2,2.22,21000000.0
Charalampos Kostoulas,1416535,Brighton & Hove Albion,30,ST,Striker,386,54.08,21,32,10,16,10,1,0.56,2,2.14,27000000.0
Luke Shaw,190839,Manchester United,35,DL,Fullback,3231,51.79,10,226,6,10,16,1,1.98,1,0.71,7500000.0
Kieran Trippier,69256,Newcastle United,39,DR,Fullback,1592,52.61,2,200,6,6,28,1,2.01,0,0.08,1400000.0
Wataru Endo,143040,Liverpool FC,44,MC,Midfielder,206,59.21,1,14,1,0,1,1,0.05,0,0.04,3700000.0
Antoni Milambo,1126692,Brentford,50,MC,Midfielder,45,47.61,0,3,0,0,0,0,0.01,0,0.0,15500000.0
Jocelin Ta Bi,2138729,Sunderland,41,RW,Winger,39,44.84,0,0,1,1,0,0,0.04,0,0.0,2600000.0
Jun'ai Byfield,1913038,Tottenham Hotspur,33,DC,Centerback,10,50.37,0,1,0,0,0,0,0.0,0,0.0,3200000.0
Alex Murphy,1125214,Newcastle United,39,DL,Fullback,16,52.61,0,0,0,0,0,0,0.0,0,0.0,1600000.0
Diego Coppola,1050692,Brighton & Hove Albion,30,DC,Centerback,201,54.08,0,13,0,0,0,0,0.02,0,0.0,19700000.0
James Maddison,356398,Tottenham Hotspur,33,AM,Midfielder,50,50.37,2,2,1,0,0,0,0.06,0,0.21,19400000.0
Jesse Derry,1550775,Chelsea,38,LW,Winger,44,57.74,2,1,1,0,0,0,0.02,0,0.1,1900000.0
Joe Rodon,828640,Leeds United,34,DC,Centerback,2953,45.74,18,183,6,1,9,0,0.57,2,1.41,18800000.0
Jake O'Brien,998253,Everton,48,DR,Fullback,3131,43.63,13,281,21,14,17,1,0.99,1,1.74,16500000.0
Florentino Luís,855845,Burnley,6,MC,Midfielder,2118,42.29,13,151,17,14,13,2,0.55,0,0.66,15500000.0
Vitaliy Mykolenko,876643,Everton,48,DL,Fullback,2960,43.63,9,240,11,20,23,1,2.46,0,0.29,26000000.0
Manuel Ugarte,846425,Manchester United,35,MC,Midfielder,900,51.79,13,75,11,3,3,0,0.2,0,0.71,24000000.0
James Milner,791,Brighton & Hove Albion,30,MC,Midfielder,802,54.08,8,64,3,1,8,1,0.63,1,1.02,
Lukas Nmecha,803185,Leeds United,34,ST,Striker,1092,45.74,30,74,18,6,11,1,1.56,6,7.23,9100000.0
Jacob Ramsey,975937,Newcastle United,39,LW,Winger,1465,52.61,16,72,13,15,22,3,1.43,2,1.19,36000000.0
Conor Gallagher,904970,Tottenham Hotspur,33,MC,Midfielder,1196,50.37,11,80,13,8,13,1,0.72,1,1.07,31000000.0
Dominic Calvert-Lewin,372344,Leeds United,34,ST,Striker,2726,45.74,74,191,29,22,20,1,1.09,14,15.81,24000000.0
Luca Netz,979144,Nottingham Forest,14,DL,Fullback,355,46.76,0,17,0,2,2,0,0.42,0,0.0,7700000.0
Danny Welbeck,33902,Brighton & Hove Albion,30,ST,Striker,2268,54.08,56,100,20,16,20,1,1.4,13,12.44,3100000.0
Oliver Sonne,1008456,Burnley,6,DR,Fullback,165,42.29,3,20,1,2,1,0,0.09,1,0.55,4099999.0
Raúl Jiménez,192442,Fulham,43,ST,Striker,2206,51.71,74,189,28,17,25,3,0.93,9,11.5,3200000.0
Marcus Edwards,795066,Burnley,6,RW,Winger,1073,42.29,23,59,28,24,20,3,1.85,1,1.49,6600000.0
Habib Diarra,1128532,Sunderland,41,MC,Midfielder,1407,44.84,26,79,14,16,7,2,0.83,2,3.41,37000000.0
Hugo Bueno,1013928,Wolverhampton,3,DL,Fullback,2375,42.82,16,165,32,46,38,2,3.51,1,0.86,13000000.0
Jadon Sancho,851100,Aston Villa,40,LW,Winger,891,53.55,10,62,9,13,21,2,1.94,0,0.58,17500000.0
Nick Woltemade,980623,Newcastle United,39,ST,Striker,1939,52.61,32,91,42,22,22,3,1.53,8,6.59,59000000.0
Hjalmar Ekdal,875360,Burnley,6,DC,Centerback,1539,42.29,6,102,4,2,4,0,0.27,0,0.26,4700000.0
Victor Lindelöf,143334,Aston Villa,40,DC,Centerback,985,53.55,3,37,2,0,2,1,0.12,0,0.28,4800000.0
Kyle Walker-Peters,823085,West Ham United,37,DR,Fullback,1396,42.53,5,86,17,8,7,0,0.38,1,1.13,11200000.0
Emile Smith Rowe,867445,Fulham,43,AM,Midfielder,1943,51.71,36,82,31,15,18,0,1.11,3,4.77,18300000.0
Reinildo Mandava,831424,Sunderland,41,DL,Fullback,1969,44.84,4,115,13,12,6,1,0.7,0,0.18,4099999.0
Keane Lewis-Potter,972421,Brentford,50,DL,Fullback,1990,47.61,31,127,15,28,19,3,2.5,3,3.04,24000000.0
Benoît Badiashile,904827,Chelsea,38,DC,Centerback,471,57.74,0,31,0,0,0,0,0.07,0,0.0,14500000.0
Jack Hinshelwood,1142315,Brighton & Hove Albion,30,MC,Midfielder,1750,54.08,37,110,9,6,15,3,2.34,4,4.92,27000000.0
Myles Lewis-Skelly,1423711,Arsenal,42,DL,Fullback,722,56.13,2,32,7,2,4,0,0.2,0,0.11,48000000.0
Fabio Carvalho,991604,Brentford,50,AM,Midfielder,128,47.61,2,5,1,2,0,0,0.03,1,0.7,7800000.0
Rico Lewis,1136731,Manchester City,17,DR,Fullback,423,60.5,3,44,8,2,7,1,1.39,0,0.19,26000000.0
Leny Yoro,1153315,Manchester United,35,DC,Centerback,1748,51.79,9,114,5,1,4,0,0.63,0,1.39,46000000.0
Callum Wilson,113956,West Ham United,37,ST,Striker,1262,42.53,38,55,21,14,8,1,0.55,7,7.66,4300000.0
Marc Cucurella,794939,Chelsea,38,DL,Fullback,2710,57.74,20,177,7,2,39,4,3.21,1,2.35,62000000.0
David Brooks,855731,Bournemouth,60,RW,Winger,1220,50.18,48,102,10,24,26,3,3.3,1,5.83,11000000.0
Saša Lukić,371222,Fulham,43,MC,Midfielder,1734,51.71,18,105,9,5,28,2,1.91,1,2.26,9400000.0
Lorenzo Lucca,962364,Nottingham Forest,14,ST,Striker,135,46.76,4,7,3,0,1,0,0.01,1,0.79,22000000.0
Donyell Malen,803039,Aston Villa,40,ST,Striker,680,53.55,27,21,13,12,7,1,0.34,4,4.07,48000000.0
Tyrone Mings,303638,Aston Villa,40,DC,Centerback,1323,53.55,9,94,3,4,5,0,0.42,0,1.37,3200000.0
Georginio Rutter,946695,Brighton & Hove Albion,30,AM,Midfielder,1804,54.08,42,133,59,37,25,3,2.93,3,3.02,31000000.0
Jamie Gittens,1140599,Chelsea,38,LW,Winger,495,57.74,10,31,4,8,9,2,0.93,0,0.82,29000000.0
Marshall Munetsi,894733,Wolverhampton,3,MC,Midfielder,877,42.82,14,62,11,4,3,1,0.38,1,1.61,15500000.0
Dennis Cirkin,1014987,Sunderland,41,DL,Fullback,329,44.84,1,22,5,1,0,0,0.03,0,0.08,5600000.0
Wilson Isidor,877980,Sunderland,41,ST,Striker,1173,44.84,43,54,14,18,0,0,0.39,6,4.75,18500000.0
Dan Ndoye,944327,Nottingham Forest,14,LW,Winger,1176,46.76,15,61,19,20,14,1,1.54,1,1.06,31000000.0
Frank Onyeka,885864,Brentford,50,MC,Midfielder,88,47.61,0,8,0,2,1,1,0.37,0,0.0,7700000.0
Carlos Baleba,1199043,Brighton & Hove Albion,30,MC,Midfielder,1677,54.08,20,104,19,13,9,0,0.76,0,0.75,53000000.0
Yerson Mosquera,1014835,Wolverhampton,3,DC,Centerback,2142,42.82,30,155,5,14,11,0,0.69,0,2.52,13000000.0
Ki-Jana Hoever,954044,Wolverhampton,3,DR,Fullback,428,42.82,1,48,3,3,5,0,0.36,0,0.02,3300000.0
Harrison Armstrong,1627560,Everton,48,MC,Midfielder,537,43.63,5,40,8,6,4,0,0.21,0,0.79,12400000.0
Malo Gusto,996958,Chelsea,38,DR,Fullback,2267,57.74,12,167,16,12,28,3,2.99,2,1.56,36000000.0
Maxime Estève,1117223,Burnley,6,DC,Centerback,2937,42.29,10,177,3,2,7,0,0.66,0,0.72,26000000.0
Gabriel Gudmundsson,834308,Leeds United,34,DL,Fullback,2642,45.74,18,227,26,35,21,0,2.75,0,1.1,21000000.0
Brajan Gruda,1198075,Brighton & Hove Albion,30,RW,Winger,740,54.08,16,54,17,33,16,1,0.88,1,1.72,29000000.0
Chris Rigg,1394089,Sunderland,41,MC,Midfielder,773,44.84,12,60,5,6,9,1,1.15,1,0.84,24000000.0
Conor Bradley,1008402,Liverpool FC,44,DR,Fullback,932,59.21,6,79,11,15,4,1,0.94,0,0.24,27000000.0
Jair,1170722,Nottingham Forest,14,DC,Centerback,525,46.76,3,44,1,2,1,0,0.07,0,0.29,15500000.0
Shea Lacey,1465865,Manchester United,35,RW,Winger,51,51.79,4,2,1,1,0,0,0.01,0,0.1,5200000.0
Arthur Masuaku,174975,Sunderland,41,DL,Fullback,127,44.84,1,9,1,2,1,0,0.08,0,0.07,1900000.0
Rodrigo Gomes,1006073,Wolverhampton,3,MR,Fullback,978,42.82,20,73,7,18,4,0,0.42,3,2.15,14600000.0
Bafodé Diakité,962408,Bournemouth,60,DC,Centerback,1286,50.18,1,90,1,0,3,0,0.18,0,0.02,23000000.0
Brian Brobbey,910048,Sunderland,41,ST,Striker,1944,44.84,36,77,29,14,15,1,0.68,7,5.94,42000000.0
Chemsdine Talbi,1142675,Sunderland,41,RW,Winger,1561,44.84,25,75,11,20,12,1,1.19,4,2.13,23000000.0
Wilfried Gnonto,998951,Leeds United,34,RW,Winger,535,45.74,10,51,9,9,9,1,0.72,0,0.41,17300000.0
Gabriel Martinelli,922573,Arsenal,42,LW,Winger,1079,56.13,29,72,26,16,13,4,1.26,1,3.99,42000000.0
Dwight McNeil,935543,Everton,48,ML,Fullback,1188,43.63,24,60,19,6,15,1,1.92,0,1.39,18800000.0
Eddie Nketiah,858194,Crystal Palace,7,ST,Striker,416,45.92,15,17,11,11,7,0,0.48,2,1.77,10300000.0
Mohamadou Kanté,1523623,West Ham United,37,MC,Midfielder,111,42.53,2,9,4,0,1,0,0.05,0,0.09,905000.0
Stefanos Tzimas,1155321,Brighton & Hove Albion,30,ST,Striker,164,54.08,4,7,9,1,6,1,0.12,1,0.46,18500000.0
Kristoffer Ajer,576384,Brentford,50,DC,Centerback,1820,47.61,10,141,6,8,4,1,0.72,0,0.78,24000000.0
Jayden Bogle,929132,Leeds United,34,DR,Fullback,2809,45.74,18,210,34,38,21,2,3.16,1,2.11,16000000.0
Guido Rodríguez,609752,West Ham United,37,MC,Midfielder,177,42.53,1,8,0,0,0,0,0.04,0,0.03,4200000.0
Beto,987489,Everton,48,ST,Striker,1613,43.63,43,79,30,27,12,1,0.22,9,8.91,19300000.0
Taiwo Awoniyi,359664,Nottingham Forest,14,ST,Striker,502,46.76,15,15,5,2,6,1,0.77,4,3.58,7600000.0
Luke O'Nien,365812,Sunderland,41,DC,Centerback,591,44.84,4,40,1,0,2,1,0.14,0,0.15,660000.0
Brennan Johnson,1085180,Crystal Palace,7,RW,Winger,1752,45.92,23,130,12,20,19,1,1.31,2,2.43,32000000.0
Evanilson,998490,Bournemouth,60,ST,Striker,2759,50.18,70,109,39,16,31,1,1.49,6,10.59,33000000.0
Jhon Arias,844096,Wolverhampton,3,RW,Winger,1121,42.82,16,42,26,12,11,0,0.62,1,3.25,16100000.0
Joshua King,1546231,Fulham,43,AM,Midfielder,1310,51.71,26,70,19,21,15,2,0.65,1,2.47,26000000.0
Viktor Gyökeres,804508,Arsenal,42,ST,Striker,2254,56.13,55,120,25,30,20,1,1.94,14,12.4,61000000.0
Daniel James,828639,Leeds United,34,RW,Winger,566,45.74,14,47,4,9,9,0,0.73,0,0.91,10600000.0
Kyle Walker,44614,Burnley,6,DR,Fullback,3097,42.29,4,326,14,14,13,2,1.34,0,0.16,1400000.0
Aaron Hickey,966869,Brentford,50,DR,Fullback,716,47.61,6,47,5,0,0,0,0.14,0,0.46,16500000.0
Lucas Bergvall,1391251,Tottenham Hotspur,33,MC,Midfielder,979,50.37,12,56,7,9,5,3,0.43,1,1.4,36000000.0
Wilson Odobert,1142679,Tottenham Hotspur,33,RW,Winger,990,50.37,22,49,21,17,20,2,1.22,0,1.9,18500000.0
Aaron Wan-Bissaka,863653,West Ham United,37,DR,Fullback,2084,42.53,0,172,15,17,18,2,1.0,0,0.0,14100000.0
Adam Armstrong,361352,Wolverhampton,3,ST,Striker,1146,42.82,18,48,9,8,6,2,0.86,2,2.74,6500000.0
Miloš Kerkez,1097425,Liverpool FC,44,DL,Fullback,2301,59.21,9,157,7,10,26,1,0.7,2,1.59,36000000.0
Tammy Abraham,610766,Aston Villa,40,ST,Striker,294,53.55,9,19,1,0,4,0,0.36,2,2.04,16500000.0
Nicolò Savona,1010220,Nottingham Forest,14,DR,Fullback,1026,46.76,5,85,2,3,7,0,0.44,2,1.34,14600000.0
Issa Diop,825719,Fulham,43,DC,Centerback,827,51.71,2,61,0,0,0,0,0.05,1,0.8,8199999.0
David Møller Wolfe,1031283,Wolverhampton,3,DL,Fullback,1061,42.82,3,67,2,3,8,2,1.08,0,0.12,11000000.0
Odsonne Édouard,795228,Crystal Palace,7,ST,Striker,8,45.92,0,0,0,0,0,0,0.0,0,0.0,11300000.0
Tyler Fredricson,1142182,Manchester United,35,DC,Centerback,10,51.79,0,1,0,0,0,0,0.0,0,0.0,2800000.0
Jota Silva,1011895,Nottingham Forest,14,RW,Winger,11,46.76,0,0,0,0,0,0,0.0,0,0.0,10700000.0
Jamaldeen Jimoh,1410178,Aston Villa,40,LW,Winger,8,53.55,0,1,0,0,0,0,0.0,0,0.0,545000.0
Callum Olusesi,1403190,Tottenham Hotspur,33,MC,Midfielder,14,50.37,0,0,0,0,0,0,0.01,0,0.0,4800000.0
Tyler Fletcher,1402850,Manchester United,35,MC,Midfielder,17,51.79,0,1,0,0,0,0,0.01,0,0.0,1600000.0
Tawanda Chirewa,1005725,Wolverhampton,3,RW,Winger,31,42.82,0,0,0,0,0,0,0.0,0,0.0,440000.0
Tyrell Malacia,825839,Manchester United,35,DL,Fullback,32,51.79,0,2,1,0,0,0,0.0,0,0.0,4200000.0
Dan Neil,964106,Sunderland,41,MC,Midfielder,13,44.84,0,1,0,0,0,0,0.0,0,0.0,4800000.0
Andy Irving,845464,West Ham United,37,MC,Midfielder,163,42.53,0,10,2,0,3,0,0.18,0,0.0,4800000.0
Romelle Donovan,1586020,Brentford,50,RW,Winger,38,47.61,3,7,2,1,1,0,0.02,0,0.1,3700000.0
Alysson,1631879,Aston Villa,40,RW,Winger,56,53.55,1,3,0,0,0,0,0.05,0,0.05,10800000.0
Solly March,301288,Brighton & Hove Albion,30,RW,Winger,60,54.08,1,3,2,0,0,0,0.02,0,0.04,1000000.0
George Hemmings,1398204,Aston Villa,40,MC,Midfielder,25,53.55,1,0,0,0,0,0,0.01,0,0.04,860000.0
Archie Gray,1142335,Tottenham Hotspur,33,MC,Midfielder,1500,50.37,11,91,17,9,8,2,1.18,2,1.48,34000000.0
Josh Acheampong,1403050,Chelsea,38,DR,Fullback,700,57.74,4,38,8,3,2,0,0.14,1,0.63,24000000.0
Anthony Elanga,979232,Newcastle United,39,RW,Winger,1338,52.61,17,82,18,29,15,1,1.76,0,1.67,31000000.0
Gabriel Jesus,794839,Arsenal,42,ST,Striker,421,56.13,19,25,11,8,3,0,0.27,3,2.69,17600000.0
Lamare Bogarde,1089388,Aston Villa,40,MC,Midfielder,1104,53.55,0,52,10,5,2,0,0.21,0,0.0,17500000.0
Yves Bissouma,844842,Tottenham Hotspur,33,MC,Midfielder,605,50.37,5,38,4,2,0,0,0.12,0,0.36,9200000.0
Djed Spence,945798,Tottenham Hotspur,33,DL,Fullback,2079,50.37,13,169,29,43,10,0,1.78,0,0.9,41000000.0
Federico Chiesa,845386,Liverpool FC,44,ST,Striker,400,59.21,17,32,4,9,3,1,0.61,2,1.5,11900000.0
Chris Wood,50480,Nottingham Forest,14,ST,Striker,906,46.76,23,49,2,1,5,0,0.32,3,4.25,5200000.0
Tyrique George,1403061,Everton,48,LW,Winger,370,43.63,10,22,9,7,3,0,1.18,0,0.63,21000000.0
Leon Bailey,808590,Aston Villa,40,RW,Winger,466,53.55,8,32,9,21,12,1,1.46,0,0.49,13100000.0
Igor Jesus,981619,Nottingham Forest,14,ST,Striker,2320,46.76,70,125,43,28,15,4,1.27,6,6.64,26000000.0
Ezra Mayers,1652590,West Ham United,37,DC,Centerback,134,42.53,1,13,1,0,2,0,0.49,0,0.12,1800000.0
Christian Nørgaard,135256,Arsenal,42,MC,Midfielder,108,56.13,2,10,1,0,0,0,0.04,0,0.08,4800000.0
Dan Burn,99090,Newcastle United,39,DC,Centerback,2209,52.61,10,218,6,1,7,2,0.4,1,1.06,4099999.0
Ian Maatsen,976263,Aston Villa,40,DL,Fullback,1615,53.55,20,100,23,30,26,1,2.41,0,1.3,28000000.0
Reiss Nelson,826139,Brentford,50,RW,Winger,152,47.61,5,6,4,7,2,1,0.12,0,0.71,8800000.0
Nathaniel Clyne,43215,Crystal Palace,7,DR,Fullback,604,45.92,3,37,1,3,3,1,0.68,0,0.43,280000.0
Jack Harrison,829570,Leeds United,34,RW,Winger,263,45.74,6,24,0,4,2,0,0.24,0,0.28,7000000.0
Hwang Hee-chan,786186,Wolverhampton,3,ST,Striker,1461,42.82,19,93,11,16,15,2,1.58,2,2.39,5500000.0
Romain Esse,1438837,Crystal Palace,7,RW,Winger,54,45.92,0,7,2,1,0,0,0.04,0,0.0,10900000.0
John Stones,152077,Manchester City,17,DC,Centerback,449,60.5,0,20,1,0,1,0,0.09,0,0.0,10900000.0
Ryan Sessegnon,836698,Fulham,43,DL,Fullback,1822,51.71,16,160,18,16,14,1,1.81,3,1.61,21000000.0
Alexander Isak,823941,Liverpool FC,44,ST,Striker,714,59.21,17,33,7,9,2,1,0.1,3,2.65,88000000.0
Pedro Lima,1597270,Wolverhampton,3,DR,Fullback,271,42.82,4,20,4,2,3,0,0.37,0,0.34,3900000.0
Joe Worrall,838399,Burnley,6,DC,Centerback,517,42.29,1,30,0,0,0,0,0.02,0,0.08,1900000.0
Chadi Riad,1064218,Crystal Palace,7,DC,Centerback,554,45.92,4,51,3,0,1,1,0.13,0,0.33,19400000.0
Jack Fletcher,1402726,Manchester United,35,MC,Midfielder,107,51.79,1,8,4,0,2,0,0.03,0,0.03,1600000.0
Tolu Arokodare,987734,Wolverhampton,3,ST,Striker,1438,42.82,47,107,22,14,12,1,0.45,3,5.46,18200000.0
Loum Tchaouna,1004505,Burnley,6,RW,Winger,1316,42.29,23,85,17,14,13,1,0.93,2,1.25,13800000.0
Tyler Dibling,1174472,Everton,48,RW,Winger,371,43.63,4,14,10,14,4,0,0.16,0,0.2,15700000.0
Oliver Scarles,1150952,West Ham United,37,ML,Fullback,668,42.53,3,54,0,7,5,0,0.31,0,0.18,9100000.0
Joe Willock,888550,Newcastle United,39,MC,Midfielder,1011,52.61,17,57,12,10,14,2,1.1,0,1.26,14500000.0
Justin Kluivert,851596,Bournemouth,60,AM,Midfielder,951,50.18,17,65,15,15,21,0,1.53,2,2.32,24000000.0
Max Kilman,894474,West Ham United,37,DC,Centerback,1565,42.53,7,83,5,1,4,0,0.31,0,0.57,12600000.0
Evann Guessand,930245,Crystal Palace,7,ST,Striker,933,45.92,11,33,28,25,5,2,1.02,1,1.56,24000000.0
Jackson Tchatchoua,1096210,Wolverhampton,3,DR,Fullback,1855,42.82,2,129,7,9,21,1,1.69,0,0.33,13200000.0
Rodrigo Muniz,1015256,Fulham,43,ST,Striker,997,51.71,32,76,12,7,8,1,0.14,1,3.34,22000000.0
James McAtee,1003334,Nottingham Forest,14,AM,Midfielder,321,46.76,4,19,9,6,6,1,0.37,0,0.17,16200000.0
Lucas Pires,1136896,Burnley,6,DL,Fullback,1406,42.29,16,90,12,10,20,0,1.48,0,0.58,4300000.0
Josh Dasilva,856260,Brentford,50,MC,Midfielder,21,47.61,1,1,0,0,1,0,0.0,0,0.08,1500000.0
Dilane Bakwa,963298,Nottingham Forest,14,RW,Winger,552,46.76,9,41,5,13,11,2,1.01,0,0.55,26000000.0
Jean-Clair Todibo,945217,West Ham United,37,DC,Centerback,1817,42.53,2,99,1,5,5,1,0.33,0,0.24,24000000.0
Matt Doherty,143047,Wolverhampton,3,DR,Fullback,791,42.82,3,58,3,0,3,0,0.18,0,0.09,1000000.0
Destiny Udogie,983572,Tottenham Hotspur,33,DL,Fullback,1340,50.37,4,85,12,12,12,1,0.75,0,0.19,28000000.0
Séamus Coleman,76632,Everton,48,DR,Fullback,39,43.63,0,0,0,0,1,0,0.16,0,0.0,220000.0
Thierno Barry,1395746,Everton,48,ST,Striker,1932,43.63,38,143,23,21,12,0,0.47,8,8.15,31000000.0
Axel Tuanzebe,817979,Burnley,6,DC,Centerback,1202,42.29,2,88,0,0,0,0,0.14,1,0.61,4600000.0
Jorrel Hato,1153079,Chelsea,38,DL,Fullback,1159,57.74,4,61,4,6,8,0,0.63,0,0.31,41000000.0
Merlin Röhl,1064082,Everton,48,MC,Midfielder,694,43.63,11,38,15,8,6,0,0.32,1,0.78,14700000.0
Facundo Buonanotte,1117025,Leeds United,34,RW,Winger,86,45.74,2,8,0,0,3,0,0.28,0,0.06,10900000.0
Fer López,1526628,Wolverhampton,3,MC,Midfielder,236,42.82,5,28,6,4,3,1,0.61,0,0.16,17500000.0
Radu Drăguşin,997103,Tottenham Hotspur,33,DC,Centerback,541,50.37,4,53,2,0,0,0,0.02,0,0.32,14800000.0
Jacob Bruun Larsen,809276,Burnley,6,LW,Winger,1038,42.29,17,54,11,25,12,1,1.17,0,1.38,4400000.0
Joe Gomez,318927,Liverpool FC,44,DC,Centerback,644,59.21,5,65,6,3,6,2,0.66,0,0.27,12600000.0
Harvey Elliott,955245,Aston Villa,40,MC,Midfielder,117,53.55,5,13,0,0,1,0,0.09,0,0.29,21000000.0
Eliezer Mayenda,1168588,Sunderland,41,ST,Striker,770,44.84,13,29,21,21,4,0,0.21,2,2.15,16600000.0
Toti Gomes,973418,Wolverhampton,3,DC,Centerback,1427,42.82,5,115,5,2,6,0,0.31,0,0.53,18700000.0
Justin Devenny,1084311,Crystal Palace,7,MC,Midfielder,830,45.92,13,68,11,11,7,0,0.38,1,2.62,11500000.0
Joshua Zirkzee,917007,Manchester United,35,ST,Striker,666,51.79,25,63,13,4,11,1,0.35,2,2.95,21000000.0
Nilson Angulo,1116571,Sunderland,41,LW,Winger,413,44.84,7,21,5,9,3,0,0.11,0,0.78,16500000.0
Adam Smith,44566,Bournemouth,60,DR,Fullback,1095,50.18,0,80,2,0,5,2,0.25,0,0.0,310000.0
Adama Traoré,286165,West Ham United,37,RW,Winger,450,42.53,7,23,14,8,3,0,0.58,0,0.69,5700000.0
Simon Adingra,1110842,Sunderland,41,LW,Winger,665,44.84,6,39,12,19,7,0,0.61,1,0.35,23000000.0
Hamed Junior Traorè,892924,Bournemouth,60,AM,Midfielder,16,50.18,0,0,0,0,1,1,0.0,0,0.0,14100000.0
Carlos Alcaraz,1017392,Everton,48,MC,Midfielder,730,43.63,20,56,9,8,10,1,0.54,0,1.24,14600000.0
Bendito Mantato,1545190,Manchester United,35,RW,Winger,15,51.79,0,0,0,0,1,0,0.01,0,0.0,360000.0
Divine Mukasa,1467990,Manchester City,17,MC,Midfielder,25,60.5,0,1,2,0,2,0,0.21,0,0.0,4900000.0
Andrés García,1457536,Aston Villa,40,DR,Fullback,105,53.55,0,0,1,0,0,0,0.01,0,0.0,6500000.0
Romaine Mundle,1094440,Sunderland,41,LW,Winger,412,44.84,7,15,14,8,1,0,0.47,0,0.86,6800000.0
Tom Watson,1167066,Brighton & Hove Albion,30,LW,Winger,73,54.08,1,5,0,0,0,0,0.04,0,0.04,7500000.0
Enes Ünal,336655,Bournemouth,60,ST,Striker,259,50.18,15,18,8,3,1,0,0.07,1,2.0,6800000.0
Ben Gannon-Doak,1154861,Bournemouth,60,RW,Winger,122,50.18,3,11,0,6,1,1,0.12,0,0.26,14600000.0
Alex Tóth,1476524,Bournemouth,60,MC,Midfielder,185,50.18,2,8,2,3,5,0,0.33,0,0.11,13100000.0
Randal Kolo Muani,871706,Tottenham Hotspur,33,ST,Striker,1670,50.37,20,97,37,38,20,1,1.77,1,2.18,18200000.0
Lyle Foster,901907,Burnley,6,ST,Striker,1372,42.29,20,84,32,12,10,2,0.49,3,3.25,8300000.0
Luís Guilherme,1016893,West Ham United,37,LW,Winger,121,42.53,1,3,5,4,1,0,0.04,0,0.07,12500000.0
Liam Delap,997087,Chelsea,38,ST,Striker,1139,57.74,36,57,22,3,3,0,0.22,1,4.47,26000000.0
Zeki Amdouni,990550,Burnley,6,ST,Striker,69,42.29,3,1,1,3,0,0,0.02,0,0.24,7600000.0
Pablo Felipe,1101174,West Ham United,37,ST,Striker,826,42.53,12,53,17,5,14,1,1.12,0,1.05,18500000.0
Mike Trésor,826183,Burnley,6,LW,Winger,63,42.29,0,4,2,0,1,0,0.0,0,0.0,2100000.0
Jonah Kusi-Asare,1503757,Fulham,43,ST,Striker,79,51.71,0,5,0,0,1,0,0.01,0,0.0,3300000.0
Trey Nyoni,1445945,Liverpool FC,44,MC,Midfielder,47,59.21,1,2,1,0,1,0,0.02,0,0.37,8500000.0
Quilindschy Hartman,1392044,Burnley,6,DL,Fullback,1830,42.29,9,179,6,7,20,5,1.99,0,0.34,15500000.0
Christantus Uche,1884145,Crystal Palace,7,ST,Striker,193,45.92,6,24,7,0,0,0,0.03,0,0.49,13200000.0
Yoane Wissa,805123,Newcastle United,39,ST,Striker,539,52.61,13,28,6,11,4,1,0.56,1,3.12,23000000.0
Josh Laurent,552036,Burnley,6,MC,Midfielder,1783,42.29,14,141,15,10,12,0,0.49,1,0.85,1500000.0
Dane Scarlett,998772,Tottenham Hotspur,33,ST,Striker,21,50.37,0,2,1,0,0,0,0.01,0,0.0,1400000.0
Sam Byram,254713,Leeds United,34,DL,Fullback,18,45.74,0,3,0,0,0,0,0.0,0,0.0,390000.0
Joel Drakes-Thomas,2007717,Crystal Palace,7,MR,Fullback,25,45.92,0,3,0,0,0,0,0.0,0,0.0,1400000.0
Joël Piroe,850823,Leeds United,34,ST,Striker,315,45.74,14,18,5,2,1,0,0.13,0,0.96,9100000.0
Rico Henry,599128,Brentford,50,DL,Fullback,1334,47.61,5,111,9,15,4,1,0.55,0,0.18,13800000.0
Harry Howell,1627806,Brighton & Hove Albion,30,RW,Winger,93,54.08,0,5,2,1,0,0,0.03,0,0.0,7300000.0
Ashley Barnes,27028,Burnley,6,ST,Striker,92,42.29,2,9,2,0,0,0,0.04,0,0.25,145000.0
Armando Broja,996985,Burnley,6,ST,Striker,874,42.29,16,46,20,16,5,1,0.23,1,2.15,4500000.0
Shumaira Mheuka,1402787,Chelsea,38,ST,Striker,9,57.74,0,1,0,0,0,0,0.0,0,0.0,2900000.0
Kaye Furo,1403098,Brentford,50,ST,Striker,9,47.61,0,0,0,0,0,0,0.0,0,0.0,7600000.0
Jaydon Banel,1142573,Burnley,6,LW,Winger,9,42.29,0,0,0,0,0,0,0.0,0,0.0,950000.0
Bradley Burrowes,1899712,Aston Villa,40,ST,Striker,16,53.55,0,2,0,0,0,0,0.0,0,0.0,1800000.0
George Earthy,1212165,West Ham United,37,AM,Midfielder,8,42.53,0,0,0,0,0,0,0.01,0,0.0,1900000.0
Kaden Rodney,1185603,Crystal Palace,7,MC,Midfielder,9,45.92,0,2,0,0,0,0,0.0,0,0.0,195000.0
Arnaud Kalimuendo,954061,Nottingham Forest,14,ST,Striker,106,46.76,4,5,1,0,1,0,0.03,0,0.44,24000000.0
Jamaal Lascelles,153444,Newcastle United,39,DC,Centerback,25,52.61,1,2,0,0,0,0,0.0,0,0.04,760000.0
Patrick Roberts,361326,Sunderland,41,RW,Winger,27,44.84,1,4,0,0,0,0,0.02,0,0.03,4099999.0
Sean Neave,1511675,Newcastle United,39,ST,Striker,13,52.61,1,0,1,0,0,0,0.0,0,0.03,
Jørgen Strand Larsen,876599,Crystal Palace,7,ST,Striker,2316,45.92,44,175,27,16,10,1,1.11,4,5.32,41000000.0
Zach Abbott,1390490,Nottingham Forest,14,DC,Centerback,165,46.76,0,18,2,2,0,0,0.01,0,0.0,3900000.0
Igor Júlio,842513,Brighton & Hove Albion,30,DC,Centerback,122,54.08,0,6,0,0,1,0,0.0,0,0.0,9700000.0
Borna Sosa,357584,Crystal Palace,7,DL,Fullback,99,45.92,1,15,0,0,2,0,0.07,0,0.04,2700000.0
Callum Marshall,1394099,West Ham United,37,ST,Striker,58,42.53,1,2,2,1,0,0,0.0,0,0.13,2100000.0
Saša Kalajdžić,870038,Wolverhampton,3,ST,Striker,14,42.82,0,1,1,0,0,0,0.01,0,0.0,3700000.0
Ben Winterburn,2007889,Bournemouth,60,AM,Midfielder,13,50.18,0,1,0,0,0,0,0.0,0,0.0,320000.0
Julio Soler,1201520,Bournemouth,60,DL,Fullback,34,50.18,0,3,0,0,0,0,0.01,0,0.0,8300000.0
Mamadou Sarr,1154657,Chelsea,38,DC,Centerback,107,57.74,1,6,0,0,0,0,0.0,0,0.44,24000000.0
Souza,1482340,Tottenham Hotspur,33,DL,Fullback,144,50.37,1,2,1,0,3,0,0.04,0,0.02,12400000.0
Marc Guiu,1414933,Chelsea,38,ST,Striker,276,57.74,13,10,1,3,3,1,0.3,0,1.55,11200000.0
Nayef Aguerd,877102,West Ham United,37,DC,Centerback,180,42.53,2,11,0,0,0,0,0.03,0,0.1,15900000.0
Niclas Füllkrug,132645,West Ham United,37,ST,Striker,408,42.53,9,36,6,0,7,0,0.23,0,0.92,3700000.0
Emil Krafth,150396,Newcastle United,39,DR,Fullback,45,52.61,0,5,1,0,0,0,0.0,0,0.0,810000.0
James Rowswell,1403130,Tottenham Hotspur,33,DR,Fullback,1,50.37,0,0,0,0,0,0,0.0,0,0.0,1000000.0
Myles Peart-Harris,980649,Brentford,50,AM,Midfielder,1,47.61,0,0,0,0,0,0,0.0,0,0.0,875000.0
Nehemiah Oriola,1899611,Brighton & Hove Albion,30,RW,Winger,1,54.08,0,0,0,0,0,0,0.0,0,0.0,195000.0
Joe Knight,1565348,Brighton & Hove Albion,30,MC,Midfielder,1,54.08,0,0,0,0,0,0,0.0,0,0.0,105000.0
